<?xml version="1.0" encoding="UTF-8"?>
<!--?xml-stylesheet type="text/xsl" href="TestView.xsl"?-->
        <!--xmlns="file:///C:/xws/automation/main/test/Microsoft/Xws/Test/Framework/TestSpec.xsd"-->
        <!--xsi:schemaLocation="file:///C:/xws/automation/main/test/Microsoft/Xws/Test/Framework/TestSpec.xsd"-->
<TestSpec 
        xmlns:xsd="http://www.w3.org/2001/XMLSchema" 
        xmlns:xsi="http://www.w3.org/2001/XMLSchema-instance"
        xmlns="http://indigo/Management/TestSpec"
        >
	<Name>xES test harness sample client</Name>
	<Version>0.9.0.1</Version>
	<Status>M4P</Status>
	<LeadPM SignedBy="false">FranciP</LeadPM>
	<LeadDeveloper SignedBy="false">FranciP</LeadDeveloper>
	<LeadTest SignedBy="false">FranciP</LeadTest>
	<BackupTest SignedBy="false">LechG</BackupTest>
	<TeamMembers>
		<Member>DougMan</Member>
		<Member>HaoXu</Member>
	</TeamMembers>
	<History>
		<HistoryRecord CreatedBy="FranciP" CreationDate="2002-09-13">
			Draft created.
		</HistoryRecord>
	</History>
	<FeatureDescription>Feature provides the common test harness for the xES tests development. <DocRef Uri="http://xws">See feature spec for the details.</DocRef></FeatureDescription>
	<TestingApproach>
		<Architecture>
		    Test contains the following logical components:<ul>
		    <li><b>Test client.</b> Component which manages all remaining components, configures them, initiates actions and checks their state and variation results.</li>
		    <li><b>Test Server.</b> A simple web service to be managed; it may define additional states.</li>
		    </ul>
		    <PicRef Uri="http://msdn.microsoft.com/library/en-us/dnwssecur/html/direct-trust.gif">Web service schema.</PicRef>
		</Architecture>
		<Security>
		    TBD.
		</Security>
		<Reliability>
		    TBD.
		</Reliability>
		<Interop>
		    TBD.
		</Interop>
		<Accessibility>
		    TBD.
		</Accessibility>
		<Globalization>
		    TBD.
		</Globalization>
		<Localization>
		    TBD.
		</Localization>
		<Performance>
		    TBD.
		</Performance>
		<PlatformSpecific>
		    TBD.
		</PlatformSpecific>
		<CodeCoverage>
		    TBD.
		</CodeCoverage>
		<Scalability>
		    TBD.
		</Scalability>
	</TestingApproach>
    <Parameters>
        <Parameter>
            <Key>GlobalKey</Key>
            <Value>Global Set....</Value>
        </Parameter>
    </Parameters>
    <Locations>
        <Location>
            <ID>Client</ID>
            <Name>The Client(s)</Name>
            <Description>Client portions</Description>
            <Policy>
                <!-- the following says that neither Windows98 nor WindowsME is allowed -->
                <Compositor xsi:type="AllPolicyCompositor" Usage="Rejected">
                    <Statement xsi:type="LMRequirement">
                        <Requirement>OS</Requirement>
                        <Value>Windows98</Value>
                    </Statement>
                    <Statement xsi:type="LMRequirement">
                        <Requirement>OS</Requirement>
                        <Value>WindowsME</Value>
                    </Statement>
                </Compositor>
                <!-- must be on either LABNET-A with the Administrator account, or REDMOND with the indigaunt account -->
                <Compositor xsi:type="ExactlyOnePolicyCompositor" Usage="Required">
                    <Compositor xsi:type="AllPolicyCompositor" Usage="Required">
                        <Compositor xsi:type="ExactlyOnePolicyCompositor" Usage="Required">
                            <Statement xsi:type="LMRequirement">
                                <Requirement>Domain</Requirement>
                                <Value>LABNET-A</Value>
                            </Statement>
                            <Statement xsi:type="LMRequirement">
                                <Requirement>Domain</Requirement>
                                <Value>LABNET-B</Value>
                            </Statement>
                        </Compositor>
                        <Statement xsi:type="LMRequirement">
                            <Requirement>Username</Requirement>
                            <Value>Administrator</Value>
                        </Statement>
                    </Compositor>                    
                    <Compositor xsi:type="AllPolicyCompositor" Usage="Required">
                        <Statement xsi:type="LMRequirement">
                            <Requirement>Domain</Requirement>
                            <Value>REDMOND</Value>
                        </Statement>
                        <Statement xsi:type="LMRequirement">
                            <Requirement>Username</Requirement>
                            <Value>indigaunt</Value>
                        </Statement>
                    </Compositor>
                    <!--Statement xsi:type="ScopeRequirement" Usage="Rejected">
                        <OtherLocation>Server</OtherLocation>
                        <Scope>Process</Scope>
                    </Statement-->
                </Compositor>
            </Policy>
            <Parameters>
                <Parameter>
                    <Key>Foo</Key>
                    <Value>Bar</Value>
                </Parameter>
            </Parameters>
        </Location>
        <Location>
            <ID>Server</ID>
            <Name>The Server(s)</Name>
            <Description>Server portions</Description>
            <Policy>
                <!-- the following says that neither Windows98 nor WindowsME nor Windows2000 is allowed -->
                <Compositor xsi:type="AllPolicyCompositor" Usage="Rejected">
                    <Statement xsi:type="LMRequirement">
                        <Requirement>OS</Requirement>
                        <Value>Windows98</Value>
                    </Statement>
                    <Statement xsi:type="LMRequirement">
                        <Requirement>OS</Requirement>
                        <Value>WindowsME</Value>
                    </Statement>
                    <Statement xsi:type="LMRequirement">
                        <Requirement>OS</Requirement>
                        <Value>Windows2000</Value>
                    </Statement>
                </Compositor>
            </Policy>
            <Parameters>
                <Parameter>
                    <Key>Foo</Key>
                    <Value>Baz</Value>
                </Parameter>
            </Parameters>
        </Location>
    </Locations>
    <Groups>
        <Group>
            <ID>Tcp</ID>
            <Parameters>
                <Parameter>
                    <Key>Type</Key>
                    <Value>Tcp</Value>
                </Parameter>
            </Parameters>
            <Locations>
                <Location>
                    <Location>Client</Location>
                    <Code>
                        <Assembly>Microsoft.Xws.Test.Framework.Samples.ClientServerSample</Assembly>
                        <Class>Microsoft.Xws.Test.Framework.Samples.ClientServerSample.TestClientGroup</Class>
                    </Code>
                    <Parameters>
                        <Parameter>
                            <Key>ServerUri</Key>
                            <Value>soap.tcp://{0}:9999/Server</Value>
                        </Parameter>
                    </Parameters>
                </Location>
                <Location>
                    <Location>Server</Location>
                    <Code>
                        <Assembly>Microsoft.Xws.Test.Framework.Samples.ClientServerSample</Assembly>
                        <Class>Microsoft.Xws.Test.Framework.Samples.ClientServerSample.TestServerGroup</Class>
                    </Code>
                    <Parameters>
                        <Parameter>
                            <Key>MyUri</Key>
                            <Value>soap.tcp://{0}:9999/Server</Value>
                        </Parameter>
                    </Parameters>
                </Location>
            </Locations>
        </Group>
        <Group>
            <ID>CrossProc</ID>
            <Parameters>
                <Parameter>
                    <Key>Type</Key>
                    <Value>CrossProc</Value>
                </Parameter>
            </Parameters>
            <Locations>
                <Location>
                    <Location>Client</Location>
                    <Code>
                        <Assembly>Microsoft.Xws.Test.Framework.Samples.ClientServerSample</Assembly>
                        <Class>Microsoft.Xws.Test.Framework.Samples.ClientServerSample.TestClientGroup</Class>
                    </Code>
                    <Parameters>
                        <Parameter>
                            <Key>ServerUri</Key>
                            <Value>ms.soap.xproc://{0}/01010101-0101-0101-0101-010101010101/Server</Value>
                        </Parameter>
                    </Parameters>
                </Location>
                <Location>
                    <Location>Server</Location>
                    <Code>
                        <Assembly>Microsoft.Xws.Test.Framework.Samples.ClientServerSample</Assembly>
                        <Class>Microsoft.Xws.Test.Framework.Samples.ClientServerSample.TestServerGroup</Class>
                    </Code>
                    <Parameters>
                        <Parameter>
                            <Key>MyUri</Key>
                            <Value>ms.soap.xproc://{0}/01010101-0101-0101-0101-010101010101/Server</Value>
                        </Parameter>
                    </Parameters>
                </Location>
            </Locations>
        </Group>
    </Groups>
	<Sets>
		<Set>
            <ExpansionInstructions>
                <Code>
                    <Assembly>Microsoft.Xws.Test.Framework</Assembly>
                    <Class>Microsoft.Xws.Test.Framework.Expansion.ListExpansionAlgorithm</Class>
                </Code>
                <Details xsi:type="ListExpansionDetails">
                    <ExpansionPlaceholders>
                        <Placeholder>COMSTYLE</Placeholder>
                    </ExpansionPlaceholders>
                    <List>
                        <ListItem>
                            <Placeholder>COMSTYLE</Placeholder>
                            <Value>Tcp</Value>
                        </ListItem>
                        <ListItem>
                            <Placeholder>COMSTYLE</Placeholder>
                            <Value>Crossproc</Value>
                        </ListItem>
                        <ListItem>
                            <Placeholder>COMSTYLE</Placeholder>
                            <Value>Inproc</Value>
                        </ListItem>
                    </List>
                </Details>
            </ExpansionInstructions>
			<ID>%COMSTYLE%</ID>
			<Name>Basic functionality (%COMSTYLE%)</Name>
			<Description>Mostly sanity level variations are provided to test a basic functionality of the feature.</Description>
            <Parameters>
                <Parameter>
                    <Key>SetKey</Key>
                    <Value>%COMSTYLE% Set....</Value>
                </Parameter>
            </Parameters>
            <Locations>
                <Location>
                    <Location>Server</Location>
                    <Parameters>
                        <Parameter>
                            <Key>ServerSetKey</Key>
                            <Value>%COMSTYLE% Server Set....</Value>
                        </Parameter>
                    </Parameters>
                </Location>
            </Locations>
			<Variations>
			    <Variation>
			        <ID>Send_Hello</ID>
			        <Level>Sanity</Level>
			        <Description>Test client does 'Hello' method call. </Description>
			        <ExpectedResult>The web serivce should return 'Hello, SampleClient 1/1/1'.</ExpectedResult>
					<Parameters>
						<Parameter Required="false">
							<Key>server</Key>
							<Description>The server where to connect. Default value is local computer</Description>
						</Parameter>
						<Parameter Required="false">
							<Key>port</Key>
							<Description>Port number for the static client endpoint. Default value is 9998</Description>
						</Parameter>
					</Parameters>
                    <Group>%COMSTYLE%</Group>
                    <Portions>
                        <Portion>
                            <Code>
                                <Assembly>Microsoft.Xws.Test.Framework.Samples.ClientServerSample</Assembly>
                                <Class>Microsoft.Xws.Test.Framework.Samples.ClientServerSample.TestClientSenderPortion</Class>
                            </Code>
                            <Location>Client</Location>
                            <Parameters>
                                <Parameter>
                                    <Key>Action</Key>
                                    <Value>SendHello</Value>
                                </Parameter>
                            </Parameters>
                        </Portion>
                        <Portion>
                            <Code>
                                <Assembly>Microsoft.Xws.Test.Framework.Samples.ClientServerSample</Assembly>
                                <Class>Microsoft.Xws.Test.Framework.Samples.ClientServerSample.TestServerPortion</Class>
                            </Code>
                            <Location>Server</Location>
                            <Results>
                                <Result>Received a 'Hello' from SampleClient - 1/1/1</Result>
                            </Results>
                        </Portion>
                    </Portions>
			    </Variation>
			    <Variation>
                    <ExpansionInstructions>
                        <Code>
                            <Class>Microsoft.Xws.Test.Framework.Expansion.SequenceExpansionAlgorithm</Class>
                        </Code>
                    </ExpansionInstructions>
			        <ID>Send_Number_%SEQUENCENUMBER%</ID>
			        <Level>Sanity</Level>
			        <Description>Test client sends '%SEQUENCENUMBER%'
					</Description>
			        <ExpectedResult>'%SEQUENCENUMBER%' arrives on the server</ExpectedResult>
					<Parameters>
						<Parameter Required="false">
							<Key>server</Key>
							<Description>The server where to connect. Default value is local computer</Description>
						</Parameter>
						<Parameter Required="false">
							<Key>port</Key>
							<Description>Port number for the static client endpoint. Default value is 9998</Description>
						</Parameter>
					</Parameters>
                    <Group>%COMSTYLE%</Group>
                    <Portions>
                        <Portion>
                            <Code>
                                <Assembly>Microsoft.Xws.Test.Framework.Samples.ClientServerSample</Assembly>
                                <Class>Microsoft.Xws.Test.Framework.Samples.ClientServerSample.TestClientSenderPortion</Class>
                            </Code>
                            <Location>Client</Location>
                            <Parameters>
                                <Parameter>
                                    <Key>Action</Key>
                                    <Value>SendNumber</Value>
                                </Parameter>
                                <Parameter>
                                    <Key>Number</Key>
                                    <Value>%SEQUENCENUMBER%</Value>
                                </Parameter>
                                <Parameter>
                                    <Key>LoopCount</Key>
                                    <Value>2</Value>
                                </Parameter>
                            </Parameters>
                        </Portion>
                        <Portion>
                            <Code>
                                <Assembly>Microsoft.Xws.Test.Framework.Samples.ClientServerSample</Assembly>
                                <Class>Microsoft.Xws.Test.Framework.Samples.ClientServerSample.TestServerPortion</Class>
                            </Code>
                            <Location>Server</Location>
                            <Results>
                                <Result>Received a number: %SEQUENCENUMBER%</Result>
                                <Result>Received a number: %SEQUENCENUMBER%</Result>
                            </Results>
                        </Portion>
                    </Portions>
			    </Variation>
			    <Variation>
			        <ID>Send_stop</ID>
			        <Level>Sanity</Level>
			        <Description>Test client does 'Stop' method call.
					</Description>
			        <ExpectedResult>The web serivce should stop processing more requests. The process will be stopped</ExpectedResult>
					<Parameters>
						<Parameter Required="false">
							<Key>server</Key>
							<Description>The server where to connect. Default value is local computer</Description>
						</Parameter>
						<Parameter Required="false">
							<Key>port</Key>
							<Description>Port number for the static client endpoint. Default value is 9998</Description>
						</Parameter>
					</Parameters>
                    <Group>%COMSTYLE%</Group>
                    <Portions>
                        <Portion>
                            <Code>
                                <Assembly>Microsoft.Xws.Test.Framework.Samples.ClientServerSample</Assembly>
                                <Class>Microsoft.Xws.Test.Framework.Samples.ClientServerSample.TestClientSenderPortion</Class>
                            </Code>
                            <Location>Client</Location>
                            <Parameters>
                                <Parameter>
                                    <Key>Action</Key>
                                    <Value>SendStop</Value>
                                </Parameter>
                            </Parameters>
                        </Portion>
                        <Portion>
                            <Code>
                                <Assembly>Microsoft.Xws.Test.Framework.Samples.ClientServerSample</Assembly>
                                <Class>Microsoft.Xws.Test.Framework.Samples.ClientServerSample.TestServerPortion</Class>
                            </Code>
                            <Location>Server</Location>
                            <Results>
                                <Result>Stop request received</Result>
                            </Results>
                        </Portion>
                    </Portions>
			    </Variation>
            </Variations>
        </Set>
	</Sets>
	<SeeAlsoList>
		<SeeAlso Uri="http://not.yet.available">Implementation spec.</SeeAlso>
		<SeeAlso Uri="http://xws">xWS site</SeeAlso>
		<SeeAlso Uri="http://www.ws-i.org">WS-I</SeeAlso>
	</SeeAlsoList>
	<Comments>
		<Comment CreatedBy="FranciP" CreationDate="2002-09-13">This test and corresponding spec are intended as sample only.</Comment>
	</Comments>
	<Disclaimer>
		This document copyright (c) 2002, Microsoft Corp.. All rights reserved. No warranties extended. Some assembly required. Void where prohibited.
		Based on LechG Test specification schema and Sample test specification.
		You may quote small excerpts from this document, but please include a link to the original source in your documents.
	</Disclaimer>
</TestSpec>

