<publishData>
  <publishTarget publishUrl="\\xws-perf-cc\shared\tools\indiperfRPS\">
    <file relUrl="drilldown.aspx" publishTime="06/10/2008 17:50:00" />
    <file relUrl="bin/Template.aspx.vb" publishTime="06/11/2008 11:09:33" />
    <file relUrl="header.ascx" publishTime="06/10/2008 17:50:00" />
    <file relUrl="Images/background3.gif" publishTime="06/10/2008 17:50:01" />
    <file relUrl="bugs.aspx" publishTime="06/10/2008 17:50:00" />
    <file relUrl="ExplorerControl.ascx" publishTime="06/10/2008 17:50:00" />
    <file relUrl="bin/perf2.dll" publishTime="07/04/2009 10:41:05" />
    <file relUrl="Images/x.gif" publishTime="06/10/2008 17:50:01" />
    <file relUrl="runDetails.ascx" publishTime="06/10/2008 17:50:02" />
    <file relUrl="Template.aspx" publishTime="06/10/2008 17:50:02" />
    <file relUrl="Images/bug.gif" publishTime="06/10/2008 17:50:01" />
    <file relUrl="Web.config" publishTime="07/02/2009 15:27:01" />
    <file relUrl="Images/space.gif" publishTime="06/10/2008 17:50:01" />
    <file relUrl="Images/r2.gif" publishTime="06/10/2008 17:50:01" />
    <file relUrl="Images/star2.gif" publishTime="06/10/2008 17:50:01" />
    <file relUrl="Global.asax" publishTime="06/10/2008 17:50:00" />
    <file relUrl="Images/configdetails.gif" publishTime="06/10/2008 17:50:01" />
    <file relUrl="Images/icon_star_gold.gif" publishTime="06/10/2008 17:50:01" />
    <file relUrl="Images/endcap.gif" publishTime="06/10/2008 17:50:01" />
    <file relUrl="Lab.aspx" publishTime="06/10/2008 17:50:01" />
    <file relUrl="Images/invalid2.gif" publishTime="06/10/2008 17:50:01" />
    <file relUrl="bin/CILibrary.dll" publishTime="06/10/2008 17:49:59" />
    <file relUrl="Top5.aspx" publishTime="06/10/2008 17:50:02" />
    <file relUrl="OrcasReportCard.aspx" publishTime="06/10/2008 17:50:02" />
    <file relUrl="bin/Microsoft.MCSMX.Web.Chart.dll" publishTime="06/10/2008 17:50:00" />
    <file relUrl="configDetail.ascx" publishTime="06/10/2008 17:50:00" />
    <file relUrl="bin/perf2.xml" publishTime="07/04/2009 10:41:05" />
    <file relUrl="Images/mglass1.gif" publishTime="06/10/2008 17:50:01" />
    <file relUrl="RegressionChart.aspx" publishTime="06/10/2008 17:50:02" />
    <file relUrl="LeftNav.ascx" publishTime="06/10/2008 17:50:02" />
    <file relUrl="ComparisonGraph.aspx" publishTime="06/10/2008 17:50:00" />
    <file relUrl="Images/mslogo.gif" publishTime="06/10/2008 17:50:01" />
    <file relUrl="showConfigDetails.aspx" publishTime="06/10/2008 17:50:02" />
    <file relUrl="Images/question3.gif" publishTime="06/10/2008 17:50:01" />
    <file relUrl="Images/background4.gif" publishTime="06/10/2008 17:50:01" />
    <file relUrl="CellStatus.ascx" publishTime="06/10/2008 17:50:00" />
    <file relUrl="Images/DrillD1.gif" publishTime="06/10/2008 17:50:01" />
    <file relUrl="verifyrun.aspx" publishTime="06/10/2008 17:50:02" />
    <file relUrl="glossary.aspx" publishTime="06/10/2008 17:50:00" />
    <file relUrl="OrcasSP1ReportCard.aspx" publishTime="06/10/2008 17:50:02" />
    <file relUrl="csv.aspx" publishTime="06/10/2008 17:50:00" />
    <file relUrl="AnalyzeRun.aspx" publishTime="06/10/2008 17:49:59" />
    <file relUrl="GenerateReport.aspx" publishTime="06/10/2008 17:50:00" />
    <file relUrl="Images/head_reportcard.gif" publishTime="06/10/2008 17:50:01" />
    <file relUrl="Images/background.jpg" publishTime="06/10/2008 17:50:01" />
    <file relUrl="CreateCharts.aspx" publishTime="06/10/2008 17:50:00" />
    <file relUrl="RemoveJobRun.aspx" publishTime="06/10/2008 17:50:02" />
    <file relUrl="test.aspx" publishTime="06/10/2008 17:50:02" />
    <file relUrl="Images/check.gif" publishTime="06/10/2008 17:50:01" />
    <file relUrl="log.aspx" publishTime="06/10/2008 17:50:02" />
    <file relUrl="OsloReportCard.aspx" publishTime="06/10/2008 17:50:02" />
    <file relUrl="SelectTest.aspx" publishTime="06/10/2008 17:50:02" />
    <file relUrl="DrillDownChart.aspx" publishTime="06/10/2008 17:50:00" />
    <file relUrl="ShowCharts.aspx" publishTime="06/10/2008 17:50:02" />
    <file relUrl="default.aspx" publishTime="06/10/2008 17:50:00" />
    <file relUrl="Images/question.gif" publishTime="06/10/2008 17:50:01" />
    <file relUrl="Images/endcap2.gif" publishTime="06/10/2008 17:50:01" />
    <file relUrl="bin/DundasWebChart.dll" publishTime="06/10/2008 17:50:00" />
    <file relUrl="Styles.css" publishTime="06/10/2008 17:50:02" />
    <file relUrl="faq.aspx" publishTime="06/10/2008 17:50:00" />
    <file relUrl="Images/New Picture1.bmp" publishTime="06/10/2008 17:50:01" />
    <file relUrl="Images/head_drilldown.gif" publishTime="06/10/2008 17:50:01" />
    <file relUrl="bin/perf2.pdb" publishTime="07/02/2009 15:42:50" />
    <file relUrl="TestsSelector.ascx" publishTime="06/10/2008 17:50:02" />
    <file relUrl="Images/Latency var Msg Size.gif" publishTime="06/10/2008 17:50:01" />
    <file relUrl="Images/star_gold.gif" publishTime="06/10/2008 17:50:01" />
    <file relUrl="chartdata.aspx" publishTime="06/10/2008 17:50:00" />
    <file relUrl="explorer.aspx" publishTime="09/10/2008 11:51:21" />
    <file relUrl="exceptions.aspx" publishTime="06/10/2008 17:50:00" />
    <file relUrl="Images/Regression.gif" publishTime="06/10/2008 17:50:01" />
    <file relUrl="Images/head_faq.gif" publishTime="06/10/2008 17:50:01" />
    <file relUrl="GenerateFTReport.aspx" publishTime="06/10/2008 17:50:00" />
    <file relUrl="ReportCard.aspx" publishTime="06/10/2008 17:50:02" />
    <file relUrl="Images/background2.jpg" publishTime="06/10/2008 17:50:01" />
    <file relUrl="Images/arrow3.gif" publishTime="06/10/2008 17:50:01" />
    <file relUrl="compselect.aspx" publishTime="06/10/2008 17:50:00" />
    <file relUrl="Images/icon_checkMark.gif" publishTime="06/10/2008 17:50:01" />
    <file relUrl="Images/rundetails3.gif" publishTime="06/10/2008 17:50:01" />
    <file relUrl="Images/head_bugs.gif" publishTime="06/10/2008 17:50:01" />
    <file relUrl="Images/r3.gif" publishTime="06/10/2008 17:50:01" />
    <file relUrl="Images/arrow.gif" publishTime="06/10/2008 17:50:01" />
    <file relUrl="Images/head_dataexplorer.gif" publishTime="06/10/2008 17:50:01" />
  </publishTarget>
  <publishTarget publishUrl="\\xws\shared\indiperf2\">
    <file relUrl="drilldown.aspx" publishTime="06/10/2008 17:50:00" />
    <file relUrl="bin/Template.aspx.vb" publishTime="06/11/2008 11:09:33" />
    <file relUrl="Global.asax" publishTime="06/10/2008 17:50:00" />
    <file relUrl="Images/background3.gif" publishTime="06/10/2008 17:50:01" />
    <file relUrl="bugs.aspx" publishTime="06/10/2008 17:50:00" />
    <file relUrl="ExplorerControl.ascx" publishTime="06/10/2008 17:50:00" />
    <file relUrl="bin/perf2.dll" publishTime="04/23/2009 14:56:26" />
    <file relUrl="Images/x.gif" publishTime="06/10/2008 17:50:01" />
    <file relUrl="runDetails.ascx" publishTime="06/10/2008 17:50:02" />
    <file relUrl="Template.aspx" publishTime="06/10/2008 17:50:02" />
    <file relUrl="Images/bug.gif" publishTime="06/10/2008 17:50:01" />
    <file relUrl="Web.config" publishTime="04/22/2009 11:11:56" />
    <file relUrl="Images/space.gif" publishTime="06/10/2008 17:50:01" />
    <file relUrl="Images/r2.gif" publishTime="06/10/2008 17:50:01" />
    <file relUrl="Images/star2.gif" publishTime="06/10/2008 17:50:01" />
    <file relUrl="Images/configdetails.gif" publishTime="06/10/2008 17:50:01" />
    <file relUrl="Images/icon_star_gold.gif" publishTime="06/10/2008 17:50:01" />
    <file relUrl="Images/endcap.gif" publishTime="06/10/2008 17:50:01" />
    <file relUrl="Lab.aspx" publishTime="06/10/2008 17:50:01" />
    <file relUrl="Images/invalid2.gif" publishTime="06/10/2008 17:50:01" />
    <file relUrl="bin/CILibrary.dll" publishTime="06/10/2008 17:49:59" />
    <file relUrl="Top5.aspx" publishTime="06/10/2008 17:50:02" />
    <file relUrl="OrcasReportCard.aspx" publishTime="06/10/2008 17:50:02" />
    <file relUrl="bin/Microsoft.MCSMX.Web.Chart.dll" publishTime="06/10/2008 17:50:00" />
    <file relUrl="explorer.aspx" publishTime="09/10/2008 11:51:21" />
    <file relUrl="configDetail.ascx" publishTime="06/10/2008 17:50:00" />
    <file relUrl="Images/background.jpg" publishTime="06/10/2008 17:50:01" />
    <file relUrl="Images/arrow.gif" publishTime="06/10/2008 17:50:01" />
    <file relUrl="Images/mglass1.gif" publishTime="06/10/2008 17:50:01" />
    <file relUrl="RegressionChart.aspx" publishTime="06/10/2008 17:50:02" />
    <file relUrl="LeftNav.ascx" publishTime="06/10/2008 17:50:02" />
    <file relUrl="ComparisonGraph.aspx" publishTime="06/10/2008 17:50:00" />
    <file relUrl="Images/mslogo.gif" publishTime="06/10/2008 17:50:01" />
    <file relUrl="showConfigDetails.aspx" publishTime="06/10/2008 17:50:02" />
    <file relUrl="Images/question3.gif" publishTime="06/10/2008 17:50:01" />
    <file relUrl="Images/background4.gif" publishTime="06/10/2008 17:50:01" />
    <file relUrl="CellStatus.ascx" publishTime="06/10/2008 17:50:00" />
    <file relUrl="bin/perf2.xml" publishTime="04/23/2009 14:56:26" />
    <file relUrl="Images/DrillD1.gif" publishTime="06/10/2008 17:50:01" />
    <file relUrl="verifyrun.aspx" publishTime="06/10/2008 17:50:02" />
    <file relUrl="glossary.aspx" publishTime="06/10/2008 17:50:00" />
    <file relUrl="OrcasSP1ReportCard.aspx" publishTime="06/10/2008 17:50:02" />
    <file relUrl="csv.aspx" publishTime="06/10/2008 17:50:00" />
    <file relUrl="AnalyzeRun.aspx" publishTime="06/10/2008 17:49:59" />
    <file relUrl="GenerateReport.aspx" publishTime="06/10/2008 17:50:00" />
    <file relUrl="Images/head_reportcard.gif" publishTime="06/10/2008 17:50:01" />
    <file relUrl="CreateCharts.aspx" publishTime="06/10/2008 17:50:00" />
    <file relUrl="Images/head_drilldown.gif" publishTime="06/10/2008 17:50:01" />
    <file relUrl="RemoveJobRun.aspx" publishTime="06/10/2008 17:50:02" />
    <file relUrl="test.aspx" publishTime="06/10/2008 17:50:02" />
    <file relUrl="Images/check.gif" publishTime="06/10/2008 17:50:01" />
    <file relUrl="log.aspx" publishTime="06/10/2008 17:50:02" />
    <file relUrl="OsloReportCard.aspx" publishTime="06/10/2008 17:50:02" />
    <file relUrl="SelectTest.aspx" publishTime="06/10/2008 17:50:02" />
    <file relUrl="DrillDownChart.aspx" publishTime="06/10/2008 17:50:00" />
    <file relUrl="ShowCharts.aspx" publishTime="06/10/2008 17:50:02" />
    <file relUrl="default.aspx" publishTime="06/10/2008 17:50:00" />
    <file relUrl="Images/question.gif" publishTime="06/10/2008 17:50:01" />
    <file relUrl="Images/endcap2.gif" publishTime="06/10/2008 17:50:01" />
    <file relUrl="Styles.css" publishTime="06/10/2008 17:50:02" />
    <file relUrl="header.ascx" publishTime="06/10/2008 17:50:00" />
    <file relUrl="faq.aspx" publishTime="06/10/2008 17:50:00" />
    <file relUrl="Images/New Picture1.bmp" publishTime="06/10/2008 17:50:01" />
    <file relUrl="Images/head_faq.gif" publishTime="06/10/2008 17:50:01" />
    <file relUrl="bin/perf2.pdb" publishTime="04/23/2009 14:56:26" />
    <file relUrl="TestsSelector.ascx" publishTime="06/10/2008 17:50:02" />
    <file relUrl="Images/Latency var Msg Size.gif" publishTime="06/10/2008 17:50:01" />
    <file relUrl="Images/star_gold.gif" publishTime="06/10/2008 17:50:01" />
    <file relUrl="chartdata.aspx" publishTime="06/10/2008 17:50:00" />
    <file relUrl="bin/DundasWebChart.dll" publishTime="06/10/2008 17:50:00" />
    <file relUrl="exceptions.aspx" publishTime="06/10/2008 17:50:00" />
    <file relUrl="GenerateFTReport.aspx" publishTime="06/10/2008 17:50:00" />
    <file relUrl="ReportCard.aspx" publishTime="06/10/2008 17:50:02" />
    <file relUrl="Images/background2.jpg" publishTime="06/10/2008 17:50:01" />
    <file relUrl="Images/arrow3.gif" publishTime="06/10/2008 17:50:01" />
    <file relUrl="compselect.aspx" publishTime="06/10/2008 17:50:00" />
    <file relUrl="Images/icon_checkMark.gif" publishTime="06/10/2008 17:50:01" />
    <file relUrl="Images/rundetails3.gif" publishTime="06/10/2008 17:50:01" />
    <file relUrl="Images/head_bugs.gif" publishTime="06/10/2008 17:50:01" />
    <file relUrl="Images/r3.gif" publishTime="06/10/2008 17:50:01" />
    <file relUrl="Images/Regression.gif" publishTime="06/10/2008 17:50:01" />
    <file relUrl="Images/head_dataexplorer.gif" publishTime="06/10/2008 17:50:01" />
  </publishTarget>
  <publishTarget publishUrl="\\xws-perf-cc\shared\tools\indifperfRPS\">
    <file relUrl="drilldown.aspx" publishTime="06/10/2008 17:50:00" />
    <file relUrl="bin/Template.aspx.vb" publishTime="06/11/2008 11:09:33" />
    <file relUrl="Global.asax" publishTime="06/10/2008 17:50:00" />
    <file relUrl="Images/background3.gif" publishTime="06/10/2008 17:50:01" />
    <file relUrl="bugs.aspx" publishTime="06/10/2008 17:50:00" />
    <file relUrl="ExplorerControl.ascx" publishTime="06/10/2008 17:50:00" />
    <file relUrl="bin/perf2.dll" publishTime="09/05/2008 18:15:56" />
    <file relUrl="Images/x.gif" publishTime="06/10/2008 17:50:01" />
    <file relUrl="runDetails.ascx" publishTime="06/10/2008 17:50:02" />
    <file relUrl="Template.aspx" publishTime="06/10/2008 17:50:02" />
    <file relUrl="Images/bug.gif" publishTime="06/10/2008 17:50:01" />
    <file relUrl="Web.config" publishTime="09/03/2008 10:04:30" />
    <file relUrl="Images/space.gif" publishTime="06/10/2008 17:50:01" />
    <file relUrl="Images/r2.gif" publishTime="06/10/2008 17:50:01" />
    <file relUrl="Images/star2.gif" publishTime="06/10/2008 17:50:01" />
    <file relUrl="Images/configdetails.gif" publishTime="06/10/2008 17:50:01" />
    <file relUrl="Images/icon_star_gold.gif" publishTime="06/10/2008 17:50:01" />
    <file relUrl="Images/endcap.gif" publishTime="06/10/2008 17:50:01" />
    <file relUrl="Lab.aspx" publishTime="06/10/2008 17:50:01" />
    <file relUrl="Images/invalid2.gif" publishTime="06/10/2008 17:50:01" />
    <file relUrl="bin/CILibrary.dll" publishTime="06/10/2008 17:49:59" />
    <file relUrl="Top5.aspx" publishTime="06/10/2008 17:50:02" />
    <file relUrl="OrcasReportCard.aspx" publishTime="06/10/2008 17:50:02" />
    <file relUrl="bin/Microsoft.MCSMX.Web.Chart.dll" publishTime="06/10/2008 17:50:00" />
    <file relUrl="explorer.aspx" publishTime="06/10/2008 17:50:00" />
    <file relUrl="configDetail.ascx" publishTime="06/10/2008 17:50:00" />
    <file relUrl="Images/background.jpg" publishTime="06/10/2008 17:50:01" />
    <file relUrl="Images/mglass1.gif" publishTime="06/10/2008 17:50:01" />
    <file relUrl="RegressionChart.aspx" publishTime="06/10/2008 17:50:02" />
    <file relUrl="LeftNav.ascx" publishTime="06/10/2008 17:50:02" />
    <file relUrl="ComparisonGraph.aspx" publishTime="06/10/2008 17:50:00" />
    <file relUrl="Images/mslogo.gif" publishTime="06/10/2008 17:50:01" />
    <file relUrl="showConfigDetails.aspx" publishTime="06/10/2008 17:50:02" />
    <file relUrl="Images/question3.gif" publishTime="06/10/2008 17:50:01" />
    <file relUrl="Images/background4.gif" publishTime="06/10/2008 17:50:01" />
    <file relUrl="CellStatus.ascx" publishTime="06/10/2008 17:50:00" />
    <file relUrl="bin/perf2.xml" publishTime="09/05/2008 18:15:56" />
    <file relUrl="Images/DrillD1.gif" publishTime="06/10/2008 17:50:01" />
    <file relUrl="verifyrun.aspx" publishTime="06/10/2008 17:50:02" />
    <file relUrl="glossary.aspx" publishTime="06/10/2008 17:50:00" />
    <file relUrl="OrcasSP1ReportCard.aspx" publishTime="06/10/2008 17:50:02" />
    <file relUrl="csv.aspx" publishTime="06/10/2008 17:50:00" />
    <file relUrl="AnalyzeRun.aspx" publishTime="06/10/2008 17:49:59" />
    <file relUrl="GenerateReport.aspx" publishTime="06/10/2008 17:50:00" />
    <file relUrl="Images/head_reportcard.gif" publishTime="06/10/2008 17:50:01" />
    <file relUrl="CreateCharts.aspx" publishTime="06/10/2008 17:50:00" />
    <file relUrl="Images/head_drilldown.gif" publishTime="06/10/2008 17:50:01" />
    <file relUrl="RemoveJobRun.aspx" publishTime="06/10/2008 17:50:02" />
    <file relUrl="test.aspx" publishTime="06/10/2008 17:50:02" />
    <file relUrl="Images/check.gif" publishTime="06/10/2008 17:50:01" />
    <file relUrl="log.aspx" publishTime="06/10/2008 17:50:02" />
    <file relUrl="OsloReportCard.aspx" publishTime="06/10/2008 17:50:02" />
    <file relUrl="SelectTest.aspx" publishTime="06/10/2008 17:50:02" />
    <file relUrl="DrillDownChart.aspx" publishTime="06/10/2008 17:50:00" />
    <file relUrl="ShowCharts.aspx" publishTime="06/10/2008 17:50:02" />
    <file relUrl="default.aspx" publishTime="06/10/2008 17:50:00" />
    <file relUrl="Images/question.gif" publishTime="06/10/2008 17:50:01" />
    <file relUrl="Images/endcap2.gif" publishTime="06/10/2008 17:50:01" />
    <file relUrl="Styles.css" publishTime="06/10/2008 17:50:02" />
    <file relUrl="header.ascx" publishTime="06/10/2008 17:50:00" />
    <file relUrl="faq.aspx" publishTime="06/10/2008 17:50:00" />
    <file relUrl="Images/New Picture1.bmp" publishTime="06/10/2008 17:50:01" />
    <file relUrl="Images/head_faq.gif" publishTime="06/10/2008 17:50:01" />
    <file relUrl="bin/perf2.pdb" publishTime="09/05/2008 18:15:56" />
    <file relUrl="TestsSelector.ascx" publishTime="06/10/2008 17:50:02" />
    <file relUrl="Images/Latency var Msg Size.gif" publishTime="06/10/2008 17:50:01" />
    <file relUrl="Images/star_gold.gif" publishTime="06/10/2008 17:50:01" />
    <file relUrl="chartdata.aspx" publishTime="06/10/2008 17:50:00" />
    <file relUrl="bin/DundasWebChart.dll" publishTime="06/10/2008 17:50:00" />
    <file relUrl="exceptions.aspx" publishTime="06/10/2008 17:50:00" />
    <file relUrl="Images/Regression.gif" publishTime="06/10/2008 17:50:01" />
    <file relUrl="GenerateFTReport.aspx" publishTime="06/10/2008 17:50:00" />
    <file relUrl="ReportCard.aspx" publishTime="06/10/2008 17:50:02" />
    <file relUrl="Images/background2.jpg" publishTime="06/10/2008 17:50:01" />
    <file relUrl="Images/arrow3.gif" publishTime="06/10/2008 17:50:01" />
    <file relUrl="compselect.aspx" publishTime="06/10/2008 17:50:00" />
    <file relUrl="Images/icon_checkMark.gif" publishTime="06/10/2008 17:50:01" />
    <file relUrl="Images/rundetails3.gif" publishTime="06/10/2008 17:50:01" />
    <file relUrl="Images/head_bugs.gif" publishTime="06/10/2008 17:50:01" />
    <file relUrl="Images/r3.gif" publishTime="06/10/2008 17:50:01" />
    <file relUrl="Images/arrow.gif" publishTime="06/10/2008 17:50:01" />
    <file relUrl="Images/head_dataexplorer.gif" publishTime="06/10/2008 17:50:01" />
  </publishTarget>
  <publishTarget publishUrl="\\xws-perf-cc\shared\tools\indifperRPS\">
    <file relUrl="drilldown.aspx" publishTime="06/10/2008 17:50:00" />
    <file relUrl="bin/Template.aspx.vb" publishTime="06/11/2008 11:09:33" />
    <file relUrl="Global.asax" publishTime="06/10/2008 17:50:00" />
    <file relUrl="Images/background3.gif" publishTime="06/10/2008 17:50:01" />
    <file relUrl="bugs.aspx" publishTime="06/10/2008 17:50:00" />
    <file relUrl="ExplorerControl.ascx" publishTime="06/10/2008 17:50:00" />
    <file relUrl="bin/perf2.dll" publishTime="09/05/2008 18:15:56" />
    <file relUrl="Images/x.gif" publishTime="06/10/2008 17:50:01" />
    <file relUrl="runDetails.ascx" publishTime="06/10/2008 17:50:02" />
    <file relUrl="Template.aspx" publishTime="06/10/2008 17:50:02" />
    <file relUrl="Images/bug.gif" publishTime="06/10/2008 17:50:01" />
    <file relUrl="Web.config" publishTime="09/03/2008 10:04:30" />
    <file relUrl="Images/space.gif" publishTime="06/10/2008 17:50:01" />
    <file relUrl="Images/r2.gif" publishTime="06/10/2008 17:50:01" />
    <file relUrl="Images/star2.gif" publishTime="06/10/2008 17:50:01" />
    <file relUrl="Images/configdetails.gif" publishTime="06/10/2008 17:50:01" />
    <file relUrl="Images/icon_star_gold.gif" publishTime="06/10/2008 17:50:01" />
    <file relUrl="Images/endcap.gif" publishTime="06/10/2008 17:50:01" />
    <file relUrl="Lab.aspx" publishTime="06/10/2008 17:50:01" />
    <file relUrl="Images/invalid2.gif" publishTime="06/10/2008 17:50:01" />
    <file relUrl="bin/CILibrary.dll" publishTime="06/10/2008 17:49:59" />
    <file relUrl="Top5.aspx" publishTime="06/10/2008 17:50:02" />
    <file relUrl="OrcasReportCard.aspx" publishTime="06/10/2008 17:50:02" />
    <file relUrl="bin/Microsoft.MCSMX.Web.Chart.dll" publishTime="06/10/2008 17:50:00" />
    <file relUrl="explorer.aspx" publishTime="06/10/2008 17:50:00" />
    <file relUrl="configDetail.ascx" publishTime="06/10/2008 17:50:00" />
    <file relUrl="Images/background.jpg" publishTime="06/10/2008 17:50:01" />
    <file relUrl="Images/mglass1.gif" publishTime="06/10/2008 17:50:01" />
    <file relUrl="RegressionChart.aspx" publishTime="06/10/2008 17:50:02" />
    <file relUrl="LeftNav.ascx" publishTime="06/10/2008 17:50:02" />
    <file relUrl="ComparisonGraph.aspx" publishTime="06/10/2008 17:50:00" />
    <file relUrl="Images/mslogo.gif" publishTime="06/10/2008 17:50:01" />
    <file relUrl="showConfigDetails.aspx" publishTime="06/10/2008 17:50:02" />
    <file relUrl="Images/question3.gif" publishTime="06/10/2008 17:50:01" />
    <file relUrl="Images/background4.gif" publishTime="06/10/2008 17:50:01" />
    <file relUrl="CellStatus.ascx" publishTime="06/10/2008 17:50:00" />
    <file relUrl="bin/perf2.xml" publishTime="09/05/2008 18:15:56" />
    <file relUrl="Images/DrillD1.gif" publishTime="06/10/2008 17:50:01" />
    <file relUrl="verifyrun.aspx" publishTime="06/10/2008 17:50:02" />
    <file relUrl="glossary.aspx" publishTime="06/10/2008 17:50:00" />
    <file relUrl="OrcasSP1ReportCard.aspx" publishTime="06/10/2008 17:50:02" />
    <file relUrl="csv.aspx" publishTime="06/10/2008 17:50:00" />
    <file relUrl="AnalyzeRun.aspx" publishTime="06/10/2008 17:49:59" />
    <file relUrl="GenerateReport.aspx" publishTime="06/10/2008 17:50:00" />
    <file relUrl="Images/head_reportcard.gif" publishTime="06/10/2008 17:50:01" />
    <file relUrl="CreateCharts.aspx" publishTime="06/10/2008 17:50:00" />
    <file relUrl="Images/head_drilldown.gif" publishTime="06/10/2008 17:50:01" />
    <file relUrl="RemoveJobRun.aspx" publishTime="06/10/2008 17:50:02" />
    <file relUrl="test.aspx" publishTime="06/10/2008 17:50:02" />
    <file relUrl="Images/check.gif" publishTime="06/10/2008 17:50:01" />
    <file relUrl="log.aspx" publishTime="06/10/2008 17:50:02" />
    <file relUrl="OsloReportCard.aspx" publishTime="06/10/2008 17:50:02" />
    <file relUrl="SelectTest.aspx" publishTime="06/10/2008 17:50:02" />
    <file relUrl="DrillDownChart.aspx" publishTime="06/10/2008 17:50:00" />
    <file relUrl="ShowCharts.aspx" publishTime="06/10/2008 17:50:02" />
    <file relUrl="default.aspx" publishTime="06/10/2008 17:50:00" />
    <file relUrl="Images/question.gif" publishTime="06/10/2008 17:50:01" />
    <file relUrl="Images/endcap2.gif" publishTime="06/10/2008 17:50:01" />
    <file relUrl="Styles.css" publishTime="06/10/2008 17:50:02" />
    <file relUrl="header.ascx" publishTime="06/10/2008 17:50:00" />
    <file relUrl="faq.aspx" publishTime="06/10/2008 17:50:00" />
    <file relUrl="Images/New Picture1.bmp" publishTime="06/10/2008 17:50:01" />
    <file relUrl="Images/head_faq.gif" publishTime="06/10/2008 17:50:01" />
    <file relUrl="bin/perf2.pdb" publishTime="09/05/2008 18:15:56" />
    <file relUrl="TestsSelector.ascx" publishTime="06/10/2008 17:50:02" />
    <file relUrl="Images/Latency var Msg Size.gif" publishTime="06/10/2008 17:50:01" />
    <file relUrl="Images/star_gold.gif" publishTime="06/10/2008 17:50:01" />
    <file relUrl="chartdata.aspx" publishTime="06/10/2008 17:50:00" />
    <file relUrl="bin/DundasWebChart.dll" publishTime="06/10/2008 17:50:00" />
    <file relUrl="exceptions.aspx" publishTime="06/10/2008 17:50:00" />
    <file relUrl="Images/Regression.gif" publishTime="06/10/2008 17:50:01" />
    <file relUrl="GenerateFTReport.aspx" publishTime="06/10/2008 17:50:00" />
    <file relUrl="ReportCard.aspx" publishTime="06/10/2008 17:50:02" />
    <file relUrl="Images/background2.jpg" publishTime="06/10/2008 17:50:01" />
    <file relUrl="Images/arrow3.gif" publishTime="06/10/2008 17:50:01" />
    <file relUrl="compselect.aspx" publishTime="06/10/2008 17:50:00" />
    <file relUrl="Images/icon_checkMark.gif" publishTime="06/10/2008 17:50:01" />
    <file relUrl="Images/rundetails3.gif" publishTime="06/10/2008 17:50:01" />
    <file relUrl="Images/head_bugs.gif" publishTime="06/10/2008 17:50:01" />
    <file relUrl="Images/r3.gif" publishTime="06/10/2008 17:50:01" />
    <file relUrl="Images/arrow.gif" publishTime="06/10/2008 17:50:01" />
    <file relUrl="Images/head_dataexplorer.gif" publishTime="06/10/2008 17:50:01" />
  </publishTarget>
  <publishTarget publishUrl="http://localhost/indiperf/">
    <file relUrl="drilldown.aspx" publishTime="06/10/2008 17:50:00" />
    <file relUrl="Global.asax" publishTime="06/10/2008 17:50:00" />
    <file relUrl="Images/background3.gif" publishTime="06/10/2008 17:50:01" />
    <file relUrl="bugs.aspx" publishTime="06/10/2008 17:50:00" />
    <file relUrl="Images/head_drilldown.gif" publishTime="06/10/2008 17:50:01" />
    <file relUrl="bin/perf2.dll" publishTime="06/15/2008 16:09:30" />
    <file relUrl="Images/x.gif" publishTime="06/10/2008 17:50:01" />
    <file relUrl="runDetails.ascx" publishTime="06/10/2008 17:50:02" />
    <file relUrl="Template.aspx" publishTime="06/10/2008 17:50:02" />
    <file relUrl="Images/bug.gif" publishTime="06/10/2008 17:50:01" />
    <file relUrl="Web.config" publishTime="06/11/2008 11:09:01" />
    <file relUrl="Images/space.gif" publishTime="06/10/2008 17:50:01" />
    <file relUrl="Images/r2.gif" publishTime="06/10/2008 17:50:01" />
    <file relUrl="Images/star2.gif" publishTime="06/10/2008 17:50:01" />
    <file relUrl="Images/configdetails.gif" publishTime="06/10/2008 17:50:01" />
    <file relUrl="Images/icon_star_gold.gif" publishTime="06/10/2008 17:50:01" />
    <file relUrl="Images/endcap.gif" publishTime="06/10/2008 17:50:01" />
    <file relUrl="Lab.aspx" publishTime="06/10/2008 17:50:01" />
    <file relUrl="Images/invalid2.gif" publishTime="06/10/2008 17:50:01" />
    <file relUrl="bin/CILibrary.dll" publishTime="06/10/2008 17:49:59" />
    <file relUrl="Top5.aspx" publishTime="06/10/2008 17:50:02" />
    <file relUrl="OrcasReportCard.aspx" publishTime="06/10/2008 17:50:02" />
    <file relUrl="bin/Microsoft.MCSMX.Web.Chart.dll" publishTime="06/10/2008 17:50:00" />
    <file relUrl="configDetail.ascx" publishTime="06/10/2008 17:50:00" />
    <file relUrl="bin/perf2.xml" publishTime="06/15/2008 16:09:30" />
    <file relUrl="Images/arrow.gif" publishTime="06/10/2008 17:50:01" />
    <file relUrl="Images/mglass1.gif" publishTime="06/10/2008 17:50:01" />
    <file relUrl="RegressionChart.aspx" publishTime="06/10/2008 17:50:02" />
    <file relUrl="LeftNav.ascx" publishTime="06/10/2008 17:50:02" />
    <file relUrl="ComparisonGraph.aspx" publishTime="06/10/2008 17:50:00" />
    <file relUrl="Images/mslogo.gif" publishTime="06/10/2008 17:50:01" />
    <file relUrl="showConfigDetails.aspx" publishTime="06/10/2008 17:50:02" />
    <file relUrl="Images/question3.gif" publishTime="06/10/2008 17:50:01" />
    <file relUrl="Images/background4.gif" publishTime="06/10/2008 17:50:01" />
    <file relUrl="CellStatus.ascx" publishTime="06/10/2008 17:50:00" />
    <file relUrl="ExplorerControl.ascx" publishTime="06/10/2008 17:50:00" />
    <file relUrl="Images/DrillD1.gif" publishTime="06/10/2008 17:50:01" />
    <file relUrl="verifyrun.aspx" publishTime="06/10/2008 17:50:02" />
    <file relUrl="glossary.aspx" publishTime="06/10/2008 17:50:00" />
    <file relUrl="OrcasSP1ReportCard.aspx" publishTime="06/10/2008 17:50:02" />
    <file relUrl="csv.aspx" publishTime="06/10/2008 17:50:00" />
    <file relUrl="AnalyzeRun.aspx" publishTime="06/10/2008 17:49:59" />
    <file relUrl="GenerateReport.aspx" publishTime="06/10/2008 17:50:00" />
    <file relUrl="Images/head_reportcard.gif" publishTime="06/10/2008 17:50:01" />
    <file relUrl="Images/background.jpg" publishTime="06/10/2008 17:50:01" />
    <file relUrl="CreateCharts.aspx" publishTime="06/10/2008 17:50:00" />
    <file relUrl="RemoveJobRun.aspx" publishTime="06/10/2008 17:50:02" />
    <file relUrl="test.aspx" publishTime="06/10/2008 17:50:02" />
    <file relUrl="Images/check.gif" publishTime="06/10/2008 17:50:01" />
    <file relUrl="log.aspx" publishTime="06/10/2008 17:50:02" />
    <file relUrl="OsloReportCard.aspx" publishTime="06/10/2008 17:50:02" />
    <file relUrl="SelectTest.aspx" publishTime="06/10/2008 17:50:02" />
    <file relUrl="DrillDownChart.aspx" publishTime="06/10/2008 17:50:00" />
    <file relUrl="ShowCharts.aspx" publishTime="06/10/2008 17:50:02" />
    <file relUrl="default.aspx" publishTime="06/10/2008 17:50:00" />
    <file relUrl="Images/question.gif" publishTime="06/10/2008 17:50:01" />
    <file relUrl="Images/endcap2.gif" publishTime="06/10/2008 17:50:01" />
    <file relUrl="bin/DundasWebChart.dll" publishTime="06/10/2008 17:50:00" />
    <file relUrl="Styles.css" publishTime="06/10/2008 17:50:02" />
    <file relUrl="header.ascx" publishTime="06/10/2008 17:50:00" />
    <file relUrl="faq.aspx" publishTime="06/10/2008 17:50:00" />
    <file relUrl="Images/New Picture1.bmp" publishTime="06/10/2008 17:50:01" />
    <file relUrl="Images/head_faq.gif" publishTime="06/10/2008 17:50:01" />
    <file relUrl="bin/perf2.pdb" publishTime="06/15/2008 16:09:30" />
    <file relUrl="TestsSelector.ascx" publishTime="06/10/2008 17:50:02" />
    <file relUrl="Images/Latency var Msg Size.gif" publishTime="06/10/2008 17:50:01" />
    <file relUrl="Images/star_gold.gif" publishTime="06/10/2008 17:50:01" />
    <file relUrl="chartdata.aspx" publishTime="06/10/2008 17:50:00" />
    <file relUrl="explorer.aspx" publishTime="06/10/2008 17:50:00" />
    <file relUrl="exceptions.aspx" publishTime="06/10/2008 17:50:00" />
    <file relUrl="GenerateFTReport.aspx" publishTime="06/10/2008 17:50:00" />
    <file relUrl="ReportCard.aspx" publishTime="06/10/2008 17:50:02" />
    <file relUrl="Images/background2.jpg" publishTime="06/10/2008 17:50:01" />
    <file relUrl="Images/arrow3.gif" publishTime="06/10/2008 17:50:01" />
    <file relUrl="compselect.aspx" publishTime="06/10/2008 17:50:00" />
    <file relUrl="Images/icon_checkMark.gif" publishTime="06/10/2008 17:50:01" />
    <file relUrl="Images/rundetails3.gif" publishTime="06/10/2008 17:50:01" />
    <file relUrl="Images/head_bugs.gif" publishTime="06/10/2008 17:50:01" />
    <file relUrl="Images/r3.gif" publishTime="06/10/2008 17:50:01" />
    <file relUrl="Images/Regression.gif" publishTime="06/10/2008 17:50:01" />
    <file relUrl="Images/head_dataexplorer.gif" publishTime="06/10/2008 17:50:01" />
  </publishTarget>
</publishData>