<?xml version="1.0" encoding="UTF-8"?><?xml-stylesheet type='text/xsl' href='_UpgradeReport_Files/UpgradeReport.xslt'?><UpgradeLog>
<Properties><Property Name="Solution" Value="perf2">
</Property><Property Name="Solution File" Value="C:\xws\team\web\c_internal\webtools\perfweb\perf2.sln">
</Property><Property Name="Date" Value="Wednesday, June 11, 2008">
</Property><Property Name="Time" Value="11:07:45 AM">
</Property><Property Name="Log Number" Value="7">
</Property></Properties><Event ErrorLevel="0" Project="perf2" Source="perf2.vbproj" Description="Scan complete: Upgrade not required for project files.">
</Event><Event ErrorLevel="3" Project="perf2" Source="perf2.vbproj" Description="Converted">
</Event><Event ErrorLevel="0" Project="perf2" Source="perf2.vbproj" Description="You have completed the first step in converting your Visual Studio .NET 2003 web project. To complete the conversion, please select your project in the Solution Explorer and choose the 'Convert to Web Application' context menu item.">
</Event></UpgradeLog>