<?xml version="1.0" encoding="UTF-8"?><?xml-stylesheet type='text/xsl' href='_UpgradeReport_Files/UpgradeReport.xslt'?><UpgradeLog>
<Properties><Property Name="Solution" Value="perfweb">
</Property><Property Name="Solution File" Value="E:\depot\xws\team\web\c_internal\webtools\perfweb\perfweb.sln">
</Property><Property Name="Date" Value="Tuesday, June 10, 2008">
</Property><Property Name="Time" Value="18:16:41 PM">
</Property><Property Name="Log Number" Value="4">
</Property></Properties><Event ErrorLevel="1" Project="perfweb" Source="drilldown_CTL.aspx.vb" Description="File not found.  Unable to determine whether the file requires upgrade.">
</Event><Event ErrorLevel="3" Project="perfweb" Source="drilldown_CTL.aspx.vb" Description="Not Converted">
</Event><Event ErrorLevel="0" Project="perfweb" Source="Global.asax.vb.old" Description="backup file created">
</Event><Event ErrorLevel="3" Project="perfweb" Source="Global.asax.vb" Description="Converted">
</Event><Event ErrorLevel="1" Project="perfweb" Source="Glossary1.aspx.vb" Description="File not found.  Unable to determine whether the file requires upgrade.">
</Event><Event ErrorLevel="3" Project="perfweb" Source="Glossary1.aspx.vb" Description="Not Converted">
</Event><Event ErrorLevel="1" Project="perfweb" Source="WebForm1.aspx.vb" Description="File not found.  Unable to determine whether the file requires upgrade.">
</Event><Event ErrorLevel="3" Project="perfweb" Source="WebForm1.aspx.vb" Description="Not Converted">
</Event></UpgradeLog>