<?xml version="1.0" encoding="UTF-8"?><?xml-stylesheet type='text/xsl' href='_UpgradeReport_Files/UpgradeReport.xslt'?><UpgradeLog>
<Properties><Property Name="Solution" Value="perfweb">
</Property><Property Name="Solution File" Value="E:\depot\xws\team\web\c_internal\webtools\perfweb\perfweb.sln">
</Property><Property Name="Date" Value="Tuesday, June 10, 2008">
</Property><Property Name="Time" Value="18:07:50 PM">
</Property></Properties><Event ErrorLevel="2" Project="E:\depot\xws\team\web\c_internal\webtools\perfweb\perfweb.vbproj" Source="perfweb.vbproj" Description="Unable to open the Web site 'E:\depot\xws\team\web\c_internal\webtools\perfweb\perfweb.vbproj'.  The Web site 'E:\depot\xws\team\web\c_internal\webtools\perfweb\perfweb.vbproj' does not exist.">
</Event></UpgradeLog>