<?xml version="1.0" encoding="UTF-8"?><?xml-stylesheet type='text/xsl' href='_UpgradeReport_Files/UpgradeReport.xslt'?><UpgradeLog>
<Properties><Property Name="Solution" Value="perf2">
</Property><Property Name="Solution File" Value="E:\depot\xws\team\web\c_internal\webtools\perfweb\perf2.sln">
</Property><Property Name="Date" Value="Tuesday, June 10, 2008">
</Property><Property Name="Time" Value="18:09:13 PM">
</Property><Property Name="Log Number" Value="2">
</Property></Properties><Event ErrorLevel="2" Project="E:\depot\xws\team\web\c_internal\webtools\perfweb\perf2.vbproj" Source="perf2.vbproj" Description="Unable to open the Web site 'E:\depot\xws\team\web\c_internal\webtools\perfweb\perf2.vbproj'.  The Web site 'E:\depot\xws\team\web\c_internal\webtools\perfweb\perf2.vbproj' does not exist.">
</Event></UpgradeLog>