<?xml version="1.0" encoding="UTF-8"?><?xml-stylesheet type='text/xsl' href='_UpgradeReport_Files/UpgradeReport.xslt'?><UpgradeLog>
<Properties><Property Name="Solution" Value="perf2">
</Property><Property Name="Solution File" Value="E:\depot\xws\team\web\c_internal\webtools\perfweb\perf2.sln">
</Property><Property Name="User Options File" Value="E:\depot\xws\team\web\c_internal\webtools\perfweb\perf2.suo">
</Property><Property Name="Date" Value="Tuesday, June 10, 2008">
</Property><Property Name="Time" Value="18:10 PM">
</Property><Property Name="Log Number" Value="3">
</Property></Properties><Event ErrorLevel="0" Project="" Source="perf2.sln" Description="File successfully backed up as E:\depot\xws\team\web\c_internal\webtools\perfweb\Backup\perf2.sln">
</Event><Event ErrorLevel="0" Project="" Source="perf2.suo" Description="File successfully backed up as E:\depot\xws\team\web\c_internal\webtools\perfweb\Backup\perf2.suo">
</Event><Event ErrorLevel="1" Project="perf2" Source="http://localhost/newperf/perf2.vbproj" Description="Warning: The project file is being backed up to a relative path that differs from the original solution relative path.  The difference in folder hierarchy may create problems in opening or building the backed up solution and project.">
</Event><Event ErrorLevel="2" Project="http://localhost/newperf/perf2.vbproj" Source="http://localhost/newperf/perf2.vbproj" Description="ERROR: Failed to back up Web site http://localhost/newperf/perf2.vbproj">
</Event><Event ErrorLevel="2" Project="" Source="perf2.sln" Description="Solution file 'E:\depot\xws\team\web\c_internal\webtools\perfweb\perf2.sln' cannot be converted because it is read-only on disk. To convert the solution, change the permissions on the solution file to allow modification and re-open it.">
</Event><Event ErrorLevel="3" Project="" Source="perf2.sln" Description="Not Converted">
</Event></UpgradeLog>