<?xml version="1.0" encoding="UTF-8"?><?xml-stylesheet type='text/xsl' href='_UpgradeReport_Files/UpgradeReport.xslt'?><UpgradeLog>
<Properties><Property Name="Solution" Value="perfweb">
</Property><Property Name="Solution File" Value="E:\depot\xws\team\web\c_internal\webtools\perfweb\perfweb.sln">
</Property><Property Name="Date" Value="Tuesday, June 10, 2008">
</Property><Property Name="Time" Value="18:18:09 PM">
</Property><Property Name="Log Number" Value="5">
</Property></Properties><Event ErrorLevel="0" Project="perfweb" Source="perfweb.vbproj" Description="Project file successfully backed up as E:\depot\xws\team\web\c_internal\webtools\perfweb\Backup1\perfweb.vbproj">
</Event><Event ErrorLevel="0" Project="perfweb" Source="AssemblyInfo.vb" Description="File successfully backed up as E:\depot\xws\team\web\c_internal\webtools\perfweb\Backup1\AssemblyInfo.vb">
</Event><Event ErrorLevel="0" Project="perfweb" Source="bugs.aspx.vb" Description="File successfully backed up as E:\depot\xws\team\web\c_internal\webtools\perfweb\Backup1\bugs.aspx.vb">
</Event><Event ErrorLevel="0" Project="perfweb" Source="ComparisonGraph.aspx.vb" Description="File successfully backed up as E:\depot\xws\team\web\c_internal\webtools\perfweb\Backup1\ComparisonGraph.aspx.vb">
</Event><Event ErrorLevel="0" Project="perfweb" Source="compselect.aspx.vb" Description="File successfully backed up as E:\depot\xws\team\web\c_internal\webtools\perfweb\Backup1\compselect.aspx.vb">
</Event><Event ErrorLevel="0" Project="perfweb" Source="drilldown.aspx.vb" Description="File successfully backed up as E:\depot\xws\team\web\c_internal\webtools\perfweb\Backup1\drilldown.aspx.vb">
</Event><Event ErrorLevel="2" Project="perfweb" Source="drilldown_CTL.aspx.vb" Description="Failed to backup file as E:\depot\xws\team\web\c_internal\webtools\perfweb\Backup1\drilldown_CTL.aspx.vb">
</Event><Event ErrorLevel="0" Project="perfweb" Source="Global.asax.vb" Description="File successfully backed up as E:\depot\xws\team\web\c_internal\webtools\perfweb\Backup1\Global.asax.vb">
</Event><Event ErrorLevel="0" Project="perfweb" Source="glossary.aspx.vb" Description="File successfully backed up as E:\depot\xws\team\web\c_internal\webtools\perfweb\Backup1\glossary.aspx.vb">
</Event><Event ErrorLevel="2" Project="perfweb" Source="Glossary1.aspx.vb" Description="Failed to backup file as E:\depot\xws\team\web\c_internal\webtools\perfweb\Backup1\Glossary1.aspx.vb">
</Event><Event ErrorLevel="0" Project="perfweb" Source="header.ascx.vb" Description="File successfully backed up as E:\depot\xws\team\web\c_internal\webtools\perfweb\Backup1\header.ascx.vb">
</Event><Event ErrorLevel="0" Project="perfweb" Source="LeftNav.ascx.vb" Description="File successfully backed up as E:\depot\xws\team\web\c_internal\webtools\perfweb\Backup1\LeftNav.ascx.vb">
</Event><Event ErrorLevel="0" Project="perfweb" Source="RegressionChart.aspx.vb" Description="File successfully backed up as E:\depot\xws\team\web\c_internal\webtools\perfweb\Backup1\RegressionChart.aspx.vb">
</Event><Event ErrorLevel="0" Project="perfweb" Source="ReportCard.aspx.vb" Description="File successfully backed up as E:\depot\xws\team\web\c_internal\webtools\perfweb\Backup1\ReportCard.aspx.vb">
</Event><Event ErrorLevel="0" Project="perfweb" Source="Template.aspx.vb" Description="File successfully backed up as E:\depot\xws\team\web\c_internal\webtools\perfweb\Backup1\Template.aspx.vb">
</Event><Event ErrorLevel="2" Project="perfweb" Source="WebForm1.aspx.vb" Description="Failed to backup file as E:\depot\xws\team\web\c_internal\webtools\perfweb\Backup1\WebForm1.aspx.vb">
</Event><Event ErrorLevel="0" Project="perfweb" Source="bugs.aspx" Description="File successfully backed up as E:\depot\xws\team\web\c_internal\webtools\perfweb\Backup1\bugs.aspx">
</Event><Event ErrorLevel="0" Project="perfweb" Source="ComparisonGraph.aspx" Description="File successfully backed up as E:\depot\xws\team\web\c_internal\webtools\perfweb\Backup1\ComparisonGraph.aspx">
</Event><Event ErrorLevel="0" Project="perfweb" Source="compselect.aspx" Description="File successfully backed up as E:\depot\xws\team\web\c_internal\webtools\perfweb\Backup1\compselect.aspx">
</Event><Event ErrorLevel="0" Project="perfweb" Source="drilldown.aspx" Description="File successfully backed up as E:\depot\xws\team\web\c_internal\webtools\perfweb\Backup1\drilldown.aspx">
</Event><Event ErrorLevel="2" Project="perfweb" Source="drilldown_CTL.aspx" Description="Failed to backup file as E:\depot\xws\team\web\c_internal\webtools\perfweb\Backup1\drilldown_CTL.aspx">
</Event><Event ErrorLevel="0" Project="perfweb" Source="Global.asax" Description="File successfully backed up as E:\depot\xws\team\web\c_internal\webtools\perfweb\Backup1\Global.asax">
</Event><Event ErrorLevel="0" Project="perfweb" Source="glossary.aspx" Description="File successfully backed up as E:\depot\xws\team\web\c_internal\webtools\perfweb\Backup1\glossary.aspx">
</Event><Event ErrorLevel="2" Project="perfweb" Source="Glossary1.aspx" Description="Failed to backup file as E:\depot\xws\team\web\c_internal\webtools\perfweb\Backup1\Glossary1.aspx">
</Event><Event ErrorLevel="0" Project="perfweb" Source="header.ascx" Description="File successfully backed up as E:\depot\xws\team\web\c_internal\webtools\perfweb\Backup1\header.ascx">
</Event><Event ErrorLevel="0" Project="perfweb" Source="Images\arrow.gif" Description="File successfully backed up as E:\depot\xws\team\web\c_internal\webtools\perfweb\Backup1\Images\arrow.gif">
</Event><Event ErrorLevel="0" Project="perfweb" Source="Images\arrow3.gif" Description="File successfully backed up as E:\depot\xws\team\web\c_internal\webtools\perfweb\Backup1\Images\arrow3.gif">
</Event><Event ErrorLevel="0" Project="perfweb" Source="Images\background.jpg" Description="File successfully backed up as E:\depot\xws\team\web\c_internal\webtools\perfweb\Backup1\Images\background.jpg">
</Event><Event ErrorLevel="0" Project="perfweb" Source="Images\background2.jpg" Description="File successfully backed up as E:\depot\xws\team\web\c_internal\webtools\perfweb\Backup1\Images\background2.jpg">
</Event><Event ErrorLevel="0" Project="perfweb" Source="Images\background3.gif" Description="File successfully backed up as E:\depot\xws\team\web\c_internal\webtools\perfweb\Backup1\Images\background3.gif">
</Event><Event ErrorLevel="0" Project="perfweb" Source="Images\bug.gif" Description="File successfully backed up as E:\depot\xws\team\web\c_internal\webtools\perfweb\Backup1\Images\bug.gif">
</Event><Event ErrorLevel="0" Project="perfweb" Source="Images\DrillD1.gif" Description="File successfully backed up as E:\depot\xws\team\web\c_internal\webtools\perfweb\Backup1\Images\DrillD1.gif">
</Event><Event ErrorLevel="0" Project="perfweb" Source="Images\endcap.gif" Description="File successfully backed up as E:\depot\xws\team\web\c_internal\webtools\perfweb\Backup1\Images\endcap.gif">
</Event><Event ErrorLevel="0" Project="perfweb" Source="Images\endcap2.gif" Description="File successfully backed up as E:\depot\xws\team\web\c_internal\webtools\perfweb\Backup1\Images\endcap2.gif">
</Event><Event ErrorLevel="0" Project="perfweb" Source="Images\Latency var Msg Size.gif" Description="File successfully backed up as E:\depot\xws\team\web\c_internal\webtools\perfweb\Backup1\Images\Latency var Msg Size.gif">
</Event><Event ErrorLevel="0" Project="perfweb" Source="Images\mglass1.gif" Description="File successfully backed up as E:\depot\xws\team\web\c_internal\webtools\perfweb\Backup1\Images\mglass1.gif">
</Event><Event ErrorLevel="0" Project="perfweb" Source="Images\mslogo.gif" Description="File successfully backed up as E:\depot\xws\team\web\c_internal\webtools\perfweb\Backup1\Images\mslogo.gif">
</Event><Event ErrorLevel="0" Project="perfweb" Source="Images\New Picture1.bmp" Description="File successfully backed up as E:\depot\xws\team\web\c_internal\webtools\perfweb\Backup1\Images\New Picture1.bmp">
</Event><Event ErrorLevel="0" Project="perfweb" Source="Images\Regression.gif" Description="File successfully backed up as E:\depot\xws\team\web\c_internal\webtools\perfweb\Backup1\Images\Regression.gif">
</Event><Event ErrorLevel="0" Project="perfweb" Source="Images\space.gif" Description="File successfully backed up as E:\depot\xws\team\web\c_internal\webtools\perfweb\Backup1\Images\space.gif">
</Event><Event ErrorLevel="0" Project="perfweb" Source="LeftNav.ascx" Description="File successfully backed up as E:\depot\xws\team\web\c_internal\webtools\perfweb\Backup1\LeftNav.ascx">
</Event><Event ErrorLevel="0" Project="perfweb" Source="RegressionChart.aspx" Description="File successfully backed up as E:\depot\xws\team\web\c_internal\webtools\perfweb\Backup1\RegressionChart.aspx">
</Event><Event ErrorLevel="0" Project="perfweb" Source="ReportCard.aspx" Description="File successfully backed up as E:\depot\xws\team\web\c_internal\webtools\perfweb\Backup1\ReportCard.aspx">
</Event><Event ErrorLevel="0" Project="perfweb" Source="Styles.css" Description="File successfully backed up as E:\depot\xws\team\web\c_internal\webtools\perfweb\Backup1\Styles.css">
</Event><Event ErrorLevel="0" Project="perfweb" Source="Template.aspx" Description="File successfully backed up as E:\depot\xws\team\web\c_internal\webtools\perfweb\Backup1\Template.aspx">
</Event><Event ErrorLevel="0" Project="perfweb" Source="Web.config" Description="File successfully backed up as E:\depot\xws\team\web\c_internal\webtools\perfweb\Backup1\Web.config">
</Event><Event ErrorLevel="2" Project="perfweb" Source="WebForm1.aspx" Description="Failed to backup file as E:\depot\xws\team\web\c_internal\webtools\perfweb\Backup1\WebForm1.aspx">
</Event><Event ErrorLevel="0" Project="perfweb" Source="bugs.aspx.resx" Description="File successfully backed up as E:\depot\xws\team\web\c_internal\webtools\perfweb\Backup1\bugs.aspx.resx">
</Event><Event ErrorLevel="0" Project="perfweb" Source="ComparisonGraph.aspx.resx" Description="File successfully backed up as E:\depot\xws\team\web\c_internal\webtools\perfweb\Backup1\ComparisonGraph.aspx.resx">
</Event><Event ErrorLevel="0" Project="perfweb" Source="compselect.aspx.resx" Description="File successfully backed up as E:\depot\xws\team\web\c_internal\webtools\perfweb\Backup1\compselect.aspx.resx">
</Event><Event ErrorLevel="0" Project="perfweb" Source="drilldown.aspx.resx" Description="File successfully backed up as E:\depot\xws\team\web\c_internal\webtools\perfweb\Backup1\drilldown.aspx.resx">
</Event><Event ErrorLevel="2" Project="perfweb" Source="drilldown_CTL.aspx.resx" Description="Failed to backup file as E:\depot\xws\team\web\c_internal\webtools\perfweb\Backup1\drilldown_CTL.aspx.resx">
</Event><Event ErrorLevel="0" Project="perfweb" Source="Global.asax.resx" Description="File successfully backed up as E:\depot\xws\team\web\c_internal\webtools\perfweb\Backup1\Global.asax.resx">
</Event><Event ErrorLevel="0" Project="perfweb" Source="glossary.aspx.resx" Description="File successfully backed up as E:\depot\xws\team\web\c_internal\webtools\perfweb\Backup1\glossary.aspx.resx">
</Event><Event ErrorLevel="2" Project="perfweb" Source="Glossary1.aspx.resx" Description="Failed to backup file as E:\depot\xws\team\web\c_internal\webtools\perfweb\Backup1\Glossary1.aspx.resx">
</Event><Event ErrorLevel="0" Project="perfweb" Source="header.ascx.resx" Description="File successfully backed up as E:\depot\xws\team\web\c_internal\webtools\perfweb\Backup1\header.ascx.resx">
</Event><Event ErrorLevel="0" Project="perfweb" Source="LeftNav.ascx.resx" Description="File successfully backed up as E:\depot\xws\team\web\c_internal\webtools\perfweb\Backup1\LeftNav.ascx.resx">
</Event><Event ErrorLevel="0" Project="perfweb" Source="RegressionChart.aspx.resx" Description="File successfully backed up as E:\depot\xws\team\web\c_internal\webtools\perfweb\Backup1\RegressionChart.aspx.resx">
</Event><Event ErrorLevel="0" Project="perfweb" Source="ReportCard.aspx.resx" Description="File successfully backed up as E:\depot\xws\team\web\c_internal\webtools\perfweb\Backup1\ReportCard.aspx.resx">
</Event><Event ErrorLevel="0" Project="perfweb" Source="Template.aspx.resx" Description="File successfully backed up as E:\depot\xws\team\web\c_internal\webtools\perfweb\Backup1\Template.aspx.resx">
</Event><Event ErrorLevel="2" Project="perfweb" Source="WebForm1.aspx.resx" Description="Failed to backup file as E:\depot\xws\team\web\c_internal\webtools\perfweb\Backup1\WebForm1.aspx.resx">
</Event><Event ErrorLevel="0" Project="perfweb" Source="perfweb.vbproj" Description="Project converted successfully">
</Event><Event ErrorLevel="3" Project="perfweb" Source="perfweb.vbproj" Description="Converted">
</Event><Event ErrorLevel="1" Project="perfweb" Source="drilldown_CTL.aspx.vb" Description="File not found.  Unable to determine whether the file requires upgrade.">
</Event><Event ErrorLevel="3" Project="perfweb" Source="drilldown_CTL.aspx.vb" Description="Not Converted">
</Event><Event ErrorLevel="1" Project="perfweb" Source="Glossary1.aspx.vb" Description="File not found.  Unable to determine whether the file requires upgrade.">
</Event><Event ErrorLevel="3" Project="perfweb" Source="Glossary1.aspx.vb" Description="Not Converted">
</Event><Event ErrorLevel="1" Project="perfweb" Source="WebForm1.aspx.vb" Description="File not found.  Unable to determine whether the file requires upgrade.">
</Event><Event ErrorLevel="3" Project="perfweb" Source="WebForm1.aspx.vb" Description="Not Converted">
</Event><Event ErrorLevel="0" Project="perfweb" Source="perfweb.vbproj" Description="Scan complete: Upgrade not required for project files.">
</Event></UpgradeLog>