<?xml version="1.0" encoding="UTF-8"?>
<Configurations xmlns:xsd="http://www.w3.org/2001/XMLSchema" xmlns:xsi="http://www.w3.org/2001/XMLSchema-instance" xmlns="http://indigo/Management/WttImporter">
    <!-- Default configuration -->
    <Configuration ID="DefaultConfiguration">
        <Description>This is the default configuration.</Description>
        <Machine Template="XP_x86">
            <Process UserPriviledge="AdministrativeUser">
                <AppDomain ID="Default">
                    <LocationTypes>
                        <LocationType>
                            <ID>Standalone</ID>
                            <IndigoSettings>
                                <Transport>NamedPipe</Transport>
                            </IndigoSettings>
                        </LocationType>
                        <LocationType>
                            <ID>Client</ID>
                            <IndigoSettings>
                                <Transport>Http</Transport>
                            </IndigoSettings>
                        </LocationType>
                        <LocationType>
                            <ID>Server</ID>
                            <IndigoSettings>
                                <Transport>Http</Transport>
                            </IndigoSettings>
                        </LocationType>
                    </LocationTypes>
                </AppDomain>
            </Process>
        </Machine>
    </Configuration>
</Configurations>
