<TemplateStore xmlns="http://indigo/Management/WttImporterTemplates" xmlns:wi="http://indigo/Management/WttImporter">
    <Credentials>
        <!-- For testing we use empty user and empty password
        <Credential Template="LocalSystem" User="NT Authority\LocalSystem" Password=""/>
        <Credential Template="LocalService" User="NT Authority\LocalService" Password=""/>
        <Credential Template="NetworkService" User="NT Authority\NetworkService" Password=""/>
        <Credential Template="AdministrativeUser" User="redmond\indgaunt" Password="0ldSchool" />
        <Credential Template="Administrator" User="Administrator" Password="img!2test" />
        <Credential Template="NonAdministrativeUser" User="User1" Password="1resU" />
        <Credential Template="DefaultCredential" User="NT Authority\LocalSystem" Password="" />
        -->
        <Credential Template="LocalSystem" Domain="NT Authority" User="LocalSystem" Password="" />
        <Credential Template="LocalService" Domain="NT Authority" User="LocalService" Password="" />
        <Credential Template="NetworkService" Domain="NT Authority" User="NetworkService" Password="" />
        <Credential Template="AdministrativeUser" Domain="[Wtt\DomainNetbios]" User="[IndGauntUser]" Password="[IndGauntPwd]" />
        <Credential Template="Administrator" User="Administrator" Password="img!2test" />
        <Credential Template="NonAdministrativeUser" Domain="[Wtt\DomainNetbios]" User="[Oleuser]" Password="[OleuserPwd]" />
        <Credential Template="DefaultCredential" Domain="[Wtt\DomainNetbios]" User="[IndGauntUser]" Password="[IndGauntPwd]" />
    </Credentials>
    <AppDomains>
        <AppDomain Template="FullTrust" />
        <AppDomain Template="LowTrust">
            <PartialTrustInfo>
                <wi:PartialTrustParameter Key="zone" Value="MyComputer" />
            </PartialTrustInfo>
        </AppDomain>
    </AppDomains>
    <Machines>
        <Lms Template="Win2000_x86">
            <Dimensions>
                <wi:Dimension Key="WTT\OS" Value="Windows 2000" />
                <wi:Dimension Key="WTT\Processor" Value="X86" />
            </Dimensions>
        </Lms>
        <Lms Template="XP_x86">
            <Dimensions>
                <wi:Dimension Key="WTT\OS" Value="Windows XP" />
                <wi:Dimension Key="WTT\Processor" Value="X86" />
            </Dimensions>
        </Lms>
        <Lms Template="Win2003_x86">
            <Dimensions>
                <wi:Dimension Key="WTT\OS" Value="Windows Server 2003" />
                <wi:Dimension Key="WTT\Processor" Value="X86" />
            </Dimensions>
        </Lms>
        <Lms Template="Longhorn_x86">
            <Dimensions>
                <wi:Dimension Key="WTT\OS" Value="Longhorn" />
                <wi:Dimension Key="WTT\Processor" Value="X86" />
            </Dimensions>
        </Lms>
        <Lms Template="XP_ia64">
            <Dimensions>
                <wi:Dimension Key="WTT\OS" Value="Windows XP 64-Bit Edition Version 2003" />
                <wi:Dimension Key="WTT\Processor" Value="IA64" />
            </Dimensions>
        </Lms>
        <Lms Template="Win2003_ia64">
            <Dimensions>
                <wi:Dimension Key="WTT\OS" Value="Windows Server 2003" />
                <wi:Dimension Key="WTT\Processor" Value="IA64" />
            </Dimensions>
        </Lms>
        <Lms Template="Longhorn_ia64">
            <Dimensions>
                <wi:Dimension Key="WTT\OS" Value="Longhorn" />
                <wi:Dimension Key="WTT\Processor" Value="IA64" />
            </Dimensions>
        </Lms>
        <Lms Template="DefaultLms">
            <Dimensions>
            </Dimensions>
        </Lms>
        <Lms Template="Longhorn_AMD64">
            <Dimensions>
                <wi:Dimension Key="WTT\OS" Value="Longhorn" />
                <wi:Dimension Key="WTT\Processor" Value="AMD64" />
            </Dimensions>
        </Lms>
        <Lms Template="XP_AMD64">
            <Dimensions>
                <wi:Dimension Key="WTT\OS" Value="Windows XP 64-Bit Edition Version 2003" />
                <wi:Dimension Key="WTT\Processor" Value="AMD64" />
            </Dimensions>
        </Lms>
        <Lms Template="Win2003_AMD64">
            <Dimensions>
                <wi:Dimension Key="WTT\OS" Value="Windows Server 2003" />
                <wi:Dimension Key="WTT\Processor" Value="AMD64" />
            </Dimensions>
        </Lms>
	
        <Lms Template="x86_Win2K3-SP1_WebServer_Deu_EverettANDWhidbey_Workgroup">
            <Dimensions>
                <wi:Dimension Key="WTT\Processor" Value="X86" />
                <wi:Dimension Key="WTT\OS" Value="Windows Server 2003" />
                <wi:Dimension Key="WTT\SP" Value="Service Pack 1" />
                <wi:Dimension Key="WTT\OSSKU" Value="WebServer" />
                <wi:Dimension Key="WTT\UILanguage" Value="German" />
 <!--              <wi:Dimension Key="WTT\Domain" Value="Workgroup" /> -->
            </Dimensions>
        </Lms>
        <Lms Template="x86_XP-SP2_Home_Pseudo-Loc_Whidbey_Workgroup">
            <Dimensions>
                <wi:Dimension Key="WTT\Processor" Value="X86" />
                <wi:Dimension Key="WTT\OS" Value="Windows XP" />
                <wi:Dimension Key="WTT\SP" Value="Service Pack 2" />
                <wi:Dimension Key="WTT\OSSKU" Value="Home" />
                <wi:Dimension Key="WTT\UILanguage" Value="PseudoLoc" />
 <!--              <wi:Dimension Key="WTT\Domain" Value="Workgroup" /> -->
            </Dimensions>
        </Lms>
        <Lms Template="AMD64_XP-SP2_Pro_Enu_Whidbey_Workgroup">
            <Dimensions>
                <wi:Dimension Key="WTT\Processor" Value="AMD64" />
                <wi:Dimension Key="WTT\OS" Value="Windows XP 64-Bit Edition Version 2003" />
                <wi:Dimension Key="WTT\SP" Value="Service Pack 2" />
                <wi:Dimension Key="WTT\OSSKU" Value="Professional" />
                <wi:Dimension Key="WTT\UILanguage" Value="English" />
 <!--              <wi:Dimension Key="WTT\Domain" Value="Workgroup" /> -->
            </Dimensions>
        </Lms>
        <Lms Template="x86_Win2K3-SP1_StandardServer_Enu_EverettANDWhidbey_Workgroup">
            <Dimensions>
                <wi:Dimension Key="WTT\Processor" Value="X86" />
                <wi:Dimension Key="WTT\OS" Value="Windows Server 2003" />
                <wi:Dimension Key="WTT\SP" Value="Service Pack 1" />
                <wi:Dimension Key="WTT\OSSKU" Value="Server" />
                <wi:Dimension Key="WTT\UILanguage" Value="English" />
 <!--              <wi:Dimension Key="WTT\Domain" Value="Workgroup" /> -->
            </Dimensions>
        </Lms>
        <Lms Template="x86_Win2K3-SP1_WebServer_Pseudo-Loc_EverettANDWhidbey_Workgroup">
            <Dimensions>
                <wi:Dimension Key="WTT\Processor" Value="X86" />
                <wi:Dimension Key="WTT\OS" Value="Windows Server 2003" />
                <wi:Dimension Key="WTT\SP" Value="Service Pack 1" />
                <wi:Dimension Key="WTT\OSSKU" Value="WebServer" />
                <wi:Dimension Key="WTT\UILanguage" Value="PseudoLoc" />
 <!--              <wi:Dimension Key="WTT\Domain" Value="Workgroup" /> -->
            </Dimensions>
        </Lms>
        <Lms Template="IA64_Win2K3-SP1_StandardServer_Enu_EverettANDWhidbey_Workgroup">
            <Dimensions>
                <wi:Dimension Key="WTT\Processor" Value="IA64" />
                <wi:Dimension Key="WTT\OS" Value="Windows Server 2003" />
                <wi:Dimension Key="WTT\SP" Value="Service Pack 1" />
                <wi:Dimension Key="WTT\OSSKU" Value="Server" />
                <wi:Dimension Key="WTT\UILanguage" Value="English" />
 <!--              <wi:Dimension Key="WTT\Domain" Value="Workgroup" /> -->
            </Dimensions>
        </Lms>
        <Lms Template="x86_Win2K3-SP1_EnterpriseServer_Enu_EverettANDWhidbey_Workgroup">
            <Dimensions>
                <wi:Dimension Key="WTT\Processor" Value="X86" />
                <wi:Dimension Key="WTT\OS" Value="Windows Server 2003" />
                <wi:Dimension Key="WTT\SP" Value="Service Pack 1" />
                <wi:Dimension Key="WTT\OSSKU" Value="Enterprise" />
                <wi:Dimension Key="WTT\UILanguage" Value="English" />
 <!--              <wi:Dimension Key="WTT\Domain" Value="Workgroup" /> -->
            </Dimensions>
        </Lms>
        <Lms Template="x86_Win2K3-SP1_EnterpriseServer_Arabic_EverettANDWhidbey_Workgroup">
            <Dimensions>
                <wi:Dimension Key="WTT\Processor" Value="X86" />
                <wi:Dimension Key="WTT\OS" Value="Windows Server 2003" />
                <wi:Dimension Key="WTT\SP" Value="Service Pack 1" />
                <wi:Dimension Key="WTT\OSSKU" Value="Enterprise" />
                <wi:Dimension Key="WTT\UILanguage" Value="Arabic" />
 <!--              <wi:Dimension Key="WTT\Domain" Value="Workgroup" /> -->
            </Dimensions>
        </Lms>
        <Lms Template="x86_Win2K3-SP1_EnterpriseServer_MUI_EverettANDWhidbey_Workgroup">
            <Dimensions>
                <wi:Dimension Key="WTT\Processor" Value="X86" />
                <wi:Dimension Key="WTT\OS" Value="Windows Server 2003" />
                <wi:Dimension Key="WTT\SP" Value="Service Pack 1" />
                <wi:Dimension Key="WTT\OSSKU" Value="Enterprise" />
                <wi:Dimension Key="WTT\UILanguage" Value="MUI" />
 <!--              <wi:Dimension Key="WTT\Domain" Value="Workgroup" /> -->
            </Dimensions>
        </Lms>
        <Lms Template="x86_Win2K3-SP1_EnterpriseServer_JPN_EverettANDWhidbey_Workgroup">
            <Dimensions>
                <wi:Dimension Key="WTT\Processor" Value="X86" />
                <wi:Dimension Key="WTT\OS" Value="Windows Server 2003" />
                <wi:Dimension Key="WTT\SP" Value="Service Pack 1" />
                <wi:Dimension Key="WTT\OSSKU" Value="Enterprise" />
                <wi:Dimension Key="WTT\UILanguage" Value="Japanese" />
 <!--              <wi:Dimension Key="WTT\Domain" Value="Workgroup" /> -->
            </Dimensions>
        </Lms>
        <Lms Template="x86_Win2K3-SP1_WebServer_Enu_EverettANDWhidbey_Workgroup">
            <Dimensions>
                <wi:Dimension Key="WTT\Processor" Value="X86" />
                <wi:Dimension Key="WTT\OS" Value="Windows Server 2003" />
                <wi:Dimension Key="WTT\SP" Value="Service Pack 1" />
                <wi:Dimension Key="WTT\OSSKU" Value="WebServer" />
                <wi:Dimension Key="WTT\UILanguage" Value="English" />
 <!--              <wi:Dimension Key="WTT\Domain" Value="Workgroup" /> -->
            </Dimensions>
        </Lms>
        <Lms Template="x86_XP-SP2_Pro_Pseudo-Loc_Whidbey_Workgroup">
            <Dimensions>
                <wi:Dimension Key="WTT\Processor" Value="X86" />
                <wi:Dimension Key="WTT\OS" Value="Windows XP" />
                <wi:Dimension Key="WTT\SP" Value="Service Pack 2" />
                <wi:Dimension Key="WTT\OSSKU" Value="Professional" />
                <wi:Dimension Key="WTT\UILanguage" Value="PseudoLoc" />
 <!--              <wi:Dimension Key="WTT\Domain" Value="Workgroup" /> -->
            </Dimensions>
        </Lms>
        <Lms Template="x86_Win2K3-SP1_EnterpriseServer_Turkish_EverettANDWhidbey_Workgroup">
            <Dimensions>
                <wi:Dimension Key="WTT\Processor" Value="X86" />
                <wi:Dimension Key="WTT\OS" Value="Windows Server 2003" />
                <wi:Dimension Key="WTT\SP" Value="Service Pack 1" />
                <wi:Dimension Key="WTT\OSSKU" Value="Enterprise" />
                <wi:Dimension Key="WTT\UILanguage" Value="Turkish" />
 <!--              <wi:Dimension Key="WTT\Domain" Value="Workgroup" /> -->
            </Dimensions>
        </Lms>
        <Lms Template="x86_XP-SP2_Home_MUI_Whidbey_Workgroup">
            <Dimensions>
                <wi:Dimension Key="WTT\Processor" Value="X86" />
                <wi:Dimension Key="WTT\OS" Value="Windows XP" />
                <wi:Dimension Key="WTT\SP" Value="Service Pack 2" />
                <wi:Dimension Key="WTT\OSSKU" Value="Home" />
                <wi:Dimension Key="WTT\UILanguage" Value="MUI" />
 <!--              <wi:Dimension Key="WTT\Domain" Value="Workgroup" /> -->
            </Dimensions>
        </Lms>
        <Lms Template="x86_XP-SP2_Pro_Deu_Whidbey_Workgroup">
            <Dimensions>
                <wi:Dimension Key="WTT\Processor" Value="X86" />
                <wi:Dimension Key="WTT\OS" Value="Windows XP" />
                <wi:Dimension Key="WTT\SP" Value="Service Pack 2" />
                <wi:Dimension Key="WTT\OSSKU" Value="Professional" />
                <wi:Dimension Key="WTT\UILanguage" Value="German" />
 <!--              <wi:Dimension Key="WTT\Domain" Value="Workgroup" /> -->
            </Dimensions>
        </Lms>
        <Lms Template="x86_Win2K3-SP1_EnterpriseServer_Pseudo-Loc_EverettANDWhidbey_Workgroup">
            <Dimensions>
                <wi:Dimension Key="WTT\Processor" Value="X86" />
                <wi:Dimension Key="WTT\OS" Value="Windows Server 2003" />
                <wi:Dimension Key="WTT\SP" Value="Service Pack 1" />
                <wi:Dimension Key="WTT\OSSKU" Value="Enterprise" />
                <wi:Dimension Key="WTT\UILanguage" Value="PseudoLoc" />
 <!--              <wi:Dimension Key="WTT\Domain" Value="Workgroup" /> -->
            </Dimensions>
        </Lms>
        <Lms Template="x86_XP-SP2_Pro_JPN_Whidbey_Workgroup">
            <Dimensions>
                <wi:Dimension Key="WTT\Processor" Value="X86" />
                <wi:Dimension Key="WTT\OS" Value="Windows XP" />
                <wi:Dimension Key="WTT\SP" Value="Service Pack 2" />
                <wi:Dimension Key="WTT\OSSKU" Value="Professional" />
                <wi:Dimension Key="WTT\UILanguage" Value="Japanese" />
 <!--              <wi:Dimension Key="WTT\Domain" Value="Workgroup" /> -->
            </Dimensions>
        </Lms>
        <Lms Template="x86_Win2K3-SP1_WebServer_Arabic_EverettANDWhidbey_Workgroup">
            <Dimensions>
                <wi:Dimension Key="WTT\Processor" Value="X86" />
                <wi:Dimension Key="WTT\OS" Value="Windows Server 2003" />
                <wi:Dimension Key="WTT\SP" Value="Service Pack 1" />
                <wi:Dimension Key="WTT\OSSKU" Value="WebServer" />
                <wi:Dimension Key="WTT\UILanguage" Value="Arabic" />
 <!--              <wi:Dimension Key="WTT\Domain" Value="Workgroup" /> -->
            </Dimensions>
        </Lms>
        <Lms Template="x86_Win2K3-SP1_StandardServer_Turkish_EverettANDWhidbey_Workgroup">
            <Dimensions>
                <wi:Dimension Key="WTT\Processor" Value="X86" />
                <wi:Dimension Key="WTT\OS" Value="Windows Server 2003" />
                <wi:Dimension Key="WTT\SP" Value="Service Pack 1" />
                <wi:Dimension Key="WTT\OSSKU" Value="Server" />
                <wi:Dimension Key="WTT\UILanguage" Value="Turkish" />
 <!--              <wi:Dimension Key="WTT\Domain" Value="Workgroup" /> -->
            </Dimensions>
        </Lms>
        <Lms Template="x86_Win2K3-SP1_WebServer_MUI_EverettANDWhidbey_Workgroup">
            <Dimensions>
                <wi:Dimension Key="WTT\Processor" Value="X86" />
                <wi:Dimension Key="WTT\OS" Value="Windows Server 2003" />
                <wi:Dimension Key="WTT\SP" Value="Service Pack 1" />
                <wi:Dimension Key="WTT\OSSKU" Value="WebServer" />
                <wi:Dimension Key="WTT\UILanguage" Value="MUI" />
 <!--              <wi:Dimension Key="WTT\Domain" Value="Workgroup" /> -->
            </Dimensions>
        </Lms>
        <Lms Template="x86_XP-SP2_Pro_Enu_Whidbey_Workgroup">
            <Dimensions>
                <wi:Dimension Key="WTT\Processor" Value="X86" />
                <wi:Dimension Key="WTT\OS" Value="Windows XP" />
                <wi:Dimension Key="WTT\SP" Value="Service Pack 2" />
                <wi:Dimension Key="WTT\OSSKU" Value="Professional" />
                <wi:Dimension Key="WTT\UILanguage" Value="English" />
 <!--              <wi:Dimension Key="WTT\Domain" Value="Workgroup" /> -->
            </Dimensions>
        </Lms>
        <Lms Template="x86_XP-SP2_Pro_MUI_Whidbey_Workgroup">
            <Dimensions>
                <wi:Dimension Key="WTT\Processor" Value="X86" />
                <wi:Dimension Key="WTT\OS" Value="Windows XP" />
                <wi:Dimension Key="WTT\SP" Value="Service Pack 2" />
                <wi:Dimension Key="WTT\OSSKU" Value="Professional" />
                <wi:Dimension Key="WTT\UILanguage" Value="MUI" />
 <!--              <wi:Dimension Key="WTT\Domain" Value="Workgroup" /> -->
            </Dimensions>
        </Lms>
        <Lms Template="x86_XP-SP2_Home_Enu_Whidbey_Workgroup">
            <Dimensions>
                <wi:Dimension Key="WTT\Processor" Value="X86" />
                <wi:Dimension Key="WTT\OS" Value="Windows XP" />
                <wi:Dimension Key="WTT\SP" Value="Service Pack 2" />
                <wi:Dimension Key="WTT\OSSKU" Value="Home" />
                <wi:Dimension Key="WTT\UILanguage" Value="English" />
 <!--              <wi:Dimension Key="WTT\Domain" Value="Workgroup" /> -->
            </Dimensions>
        </Lms>
        <Lms Template="AMD64_XP-SP2_Home_Enu_Whidbey_Workgroup">
            <Dimensions>
                <wi:Dimension Key="WTT\Processor" Value="AMD64" />
                <wi:Dimension Key="WTT\OS" Value="Windows XP 64-Bit Edition Version 2003" />
                <wi:Dimension Key="WTT\SP" Value="Service Pack 2" />
                <wi:Dimension Key="WTT\OSSKU" Value="Home" />
                <wi:Dimension Key="WTT\UILanguage" Value="English" />
 <!--              <wi:Dimension Key="WTT\Domain" Value="Workgroup" /> -->
            </Dimensions>
        </Lms>
        <Lms Template="x86_Win2K3-SP1_StandardServer_MUI_EverettANDWhidbey_Workgroup">
            <Dimensions>
                <wi:Dimension Key="WTT\Processor" Value="X86" />
                <wi:Dimension Key="WTT\OS" Value="Windows Server 2003" />
                <wi:Dimension Key="WTT\SP" Value="Service Pack 1" />
                <wi:Dimension Key="WTT\OSSKU" Value="Server" />
                <wi:Dimension Key="WTT\UILanguage" Value="MUI" />
 <!--              <wi:Dimension Key="WTT\Domain" Value="Workgroup" /> -->
            </Dimensions>
        </Lms>
        <Lms Template="IA64_Win2K3-SP1_EnterpriseServer_Enu_EverettANDWhidbey_Workgroup">
            <Dimensions>
                <wi:Dimension Key="WTT\Processor" Value="IA64" />
                <wi:Dimension Key="WTT\OS" Value="Windows Server 2003" />
                <wi:Dimension Key="WTT\SP" Value="Service Pack 1" />
                <wi:Dimension Key="WTT\OSSKU" Value="Enterprise" />
                <wi:Dimension Key="WTT\UILanguage" Value="English" />
 <!--              <wi:Dimension Key="WTT\Domain" Value="Workgroup" /> -->
            </Dimensions>
        </Lms>
        <Lms Template="x86_LongHorn_Pro_Enu_Whidbey_Workgroup">
            <Dimensions>
                <wi:Dimension Key="WTT\Processor" Value="X86" />
                <wi:Dimension Key="WTT\OS" Value="Longhorn" />
                <wi:Dimension Key="WTT\OSSKU" Value="Professional" />
                <wi:Dimension Key="WTT\UILanguage" Value="English" />
 <!--              <wi:Dimension Key="WTT\Domain" Value="Workgroup" /> -->
            </Dimensions>
        </Lms>
        <Lms Template="x86_Win2K3-SP1_EnterpriseServer_Deu_EverettANDWhidbey_Workgroup">
            <Dimensions>
                <wi:Dimension Key="WTT\Processor" Value="X86" />
                <wi:Dimension Key="WTT\OS" Value="Windows Server 2003" />
                <wi:Dimension Key="WTT\SP" Value="Service Pack 1" />
                <wi:Dimension Key="WTT\OSSKU" Value="Enterprise" />
                <wi:Dimension Key="WTT\UILanguage" Value="German" />
 <!--              <wi:Dimension Key="WTT\Domain" Value="Workgroup" /> -->
            </Dimensions>
        </Lms>
        <Lms Template="x86_XP-SP2_Home_Arabic_Whidbey_Workgroup">
            <Dimensions>
                <wi:Dimension Key="WTT\Processor" Value="X86" />
                <wi:Dimension Key="WTT\OS" Value="Windows XP" />
                <wi:Dimension Key="WTT\SP" Value="Service Pack 2" />
                <wi:Dimension Key="WTT\OSSKU" Value="Home" />
                <wi:Dimension Key="WTT\UILanguage" Value="Arabic" />
 <!--              <wi:Dimension Key="WTT\Domain" Value="Workgroup" /> -->
            </Dimensions>
        </Lms>
        <Lms Template="x86_XP-SP2_Pro_Turkish_Whidbey_Workgroup">
            <Dimensions>
                <wi:Dimension Key="WTT\Processor" Value="X86" />
                <wi:Dimension Key="WTT\OS" Value="Windows XP" />
                <wi:Dimension Key="WTT\SP" Value="Service Pack 2" />
                <wi:Dimension Key="WTT\OSSKU" Value="Professional" />
                <wi:Dimension Key="WTT\UILanguage" Value="Turkish" />
 <!--              <wi:Dimension Key="WTT\Domain" Value="Workgroup" /> -->
            </Dimensions>
        </Lms>
        <Lms Template="x86_XP-SP2_Home_Deu_Whidbey_Workgroup">
            <Dimensions>
                <wi:Dimension Key="WTT\Processor" Value="X86" />
                <wi:Dimension Key="WTT\OS" Value="Windows XP" />
                <wi:Dimension Key="WTT\SP" Value="Service Pack 2" />
                <wi:Dimension Key="WTT\OSSKU" Value="Home" />
                <wi:Dimension Key="WTT\UILanguage" Value="German" />
 <!--              <wi:Dimension Key="WTT\Domain" Value="Workgroup" /> -->
            </Dimensions>
        </Lms>
        <Lms Template="IA64_Win2K3-SP1_WebServer_Enu_EverettANDWhidbey_Workgroup">
            <Dimensions>
                <wi:Dimension Key="WTT\Processor" Value="IA64" />
                <wi:Dimension Key="WTT\OS" Value="Windows Server 2003" />
                <wi:Dimension Key="WTT\SP" Value="Service Pack 1" />
                <wi:Dimension Key="WTT\OSSKU" Value="WebServer" />
                <wi:Dimension Key="WTT\UILanguage" Value="English" />
 <!--              <wi:Dimension Key="WTT\Domain" Value="Workgroup" /> -->
            </Dimensions>
        </Lms>
        <Lms Template="x86_XP-SP2_Home_Turkish_Whidbey_Workgroup">
            <Dimensions>
                <wi:Dimension Key="WTT\Processor" Value="X86" />
                <wi:Dimension Key="WTT\OS" Value="Windows XP" />
                <wi:Dimension Key="WTT\SP" Value="Service Pack 2" />
                <wi:Dimension Key="WTT\OSSKU" Value="Home" />
                <wi:Dimension Key="WTT\UILanguage" Value="Turkish" />
 <!--              <wi:Dimension Key="WTT\Domain" Value="Workgroup" /> -->
            </Dimensions>
        </Lms>
        <Lms Template="x86_XP-SP2_Pro_Arabic_Whidbey_Workgroup">
            <Dimensions>
                <wi:Dimension Key="WTT\Processor" Value="X86" />
                <wi:Dimension Key="WTT\OS" Value="Windows XP" />
                <wi:Dimension Key="WTT\SP" Value="Service Pack 2" />
                <wi:Dimension Key="WTT\OSSKU" Value="Professional" />
                <wi:Dimension Key="WTT\UILanguage" Value="Arabic" />
 <!--              <wi:Dimension Key="WTT\Domain" Value="Workgroup" /> -->
            </Dimensions>
        </Lms>
        <Lms Template="x86_Win2K3-SP1_StandardServer_Pseudo-Loc_EverettANDWhidbey_Workgroup">
            <Dimensions>
                <wi:Dimension Key="WTT\Processor" Value="X86" />
                <wi:Dimension Key="WTT\OS" Value="Windows Server 2003" />
                <wi:Dimension Key="WTT\SP" Value="Service Pack 1" />
                <wi:Dimension Key="WTT\OSSKU" Value="Server" />
                <wi:Dimension Key="WTT\UILanguage" Value="PseudoLoc" />
 <!--              <wi:Dimension Key="WTT\Domain" Value="Workgroup" /> -->
            </Dimensions>
        </Lms>
        <Lms Template="x86_Win2K3-SP1_WebServer_Enu_EverettAndWhidbey_Domain-Win2K3">
            <Dimensions>
                <wi:Dimension Key="WTT\Processor" Value="X86" />
                <wi:Dimension Key="WTT\OS" Value="Windows Server 2003" />
                <wi:Dimension Key="WTT\SP" Value="Service Pack 1" />
                <wi:Dimension Key="WTT\OSSKU" Value="WebServer" />
                <wi:Dimension Key="WTT\UILanguage" Value="English" />
                <wi:Dimension Key="WTT\Domain" Value="xmlab.net" />
            </Dimensions>
        </Lms>
        <Lms Template="x86_XP-SP2_Pro_Enu_Whidbey_Domain-Win2K3">
            <Dimensions>
                <wi:Dimension Key="WTT\Processor" Value="X86" />
                <wi:Dimension Key="WTT\OS" Value="Windows XP" />
                <wi:Dimension Key="WTT\SP" Value="Service Pack 2" />
                <wi:Dimension Key="WTT\OSSKU" Value="Professional" />
                <wi:Dimension Key="WTT\UILanguage" Value="English" />
                <wi:Dimension Key="WTT\Domain" Value="xmlab.net" />
            </Dimensions>
        </Lms>
        <Lms Template="x86_LongHorn_Pro_Enu_Whidbey_Castle">
            <Dimensions>
                <wi:Dimension Key="WTT\Processor" Value="X86" />
                <wi:Dimension Key="WTT\OS" Value="Longhorn" />
                <wi:Dimension Key="WTT\OSSKU" Value="Professional" />
                <wi:Dimension Key="WTT\UILanguage" Value="English" />
 <!--               <wi:Dimension Key="WTT\Domain" Value="Castle" /> -->
            </Dimensions>
        </Lms>
        <Lms Template="x86_XP-SP2_Pro_Arabic_EverettAndWhidbey_Domain-Win2K3">
            <Dimensions>
                <wi:Dimension Key="WTT\Processor" Value="X86" />
                <wi:Dimension Key="WTT\OS" Value="Windows XP" />
                <wi:Dimension Key="WTT\SP" Value="Service Pack 2" />
                <wi:Dimension Key="WTT\OSSKU" Value="Professional" />
                <wi:Dimension Key="WTT\UILanguage" Value="Arabic" />
                <wi:Dimension Key="WTT\Domain" Value="xmlab.net" />
            </Dimensions>
        </Lms>
        <Lms Template="IA64_Win2K3-SP1_EnterpriseServer_Enu_EverettAndWhidbey_Domain-Win2K3">
            <Dimensions>
                <wi:Dimension Key="WTT\Processor" Value="IA64" />
                <wi:Dimension Key="WTT\OS" Value="Windows Server 2003" />
                <wi:Dimension Key="WTT\SP" Value="Service Pack 1" />
                <wi:Dimension Key="WTT\OSSKU" Value="Enterprise" />
                <wi:Dimension Key="WTT\UILanguage" Value="English" />
                <wi:Dimension Key="WTT\Domain" Value="xmlab.net" />
            </Dimensions>
        </Lms>
        <Lms Template="x86_Win2K3-SP1_StandardServer_Turkish_EverettAndWhidbey_Domain-Win2K3">
            <Dimensions>
                <wi:Dimension Key="WTT\Processor" Value="X86" />
                <wi:Dimension Key="WTT\OS" Value="Windows Server 2003" />
                <wi:Dimension Key="WTT\SP" Value="Service Pack 1" />
                <wi:Dimension Key="WTT\OSSKU" Value="Server" />
                <wi:Dimension Key="WTT\UILanguage" Value="Turkish" />
                <wi:Dimension Key="WTT\Domain" Value="xmlab.net" />
            </Dimensions>
        </Lms>
        <Lms Template="x86_XP-SP2_Pro_Turkish_Whidbey_Domain-Win2K3">
            <Dimensions>
                <wi:Dimension Key="WTT\Processor" Value="X86" />
                <wi:Dimension Key="WTT\OS" Value="Windows XP" />
                <wi:Dimension Key="WTT\SP" Value="Service Pack 2" />
                <wi:Dimension Key="WTT\OSSKU" Value="Professional" />
                <wi:Dimension Key="WTT\UILanguage" Value="Turkish" />
                <wi:Dimension Key="WTT\Domain" Value="xmlab.net" />
            </Dimensions>
        </Lms>
        <Lms Template="x86_Win2K3-SP1_EnterpriseServer_Turkish_EverettAndWhidbey_Domain-Win2K3">
            <Dimensions>
                <wi:Dimension Key="WTT\Processor" Value="X86" />
                <wi:Dimension Key="WTT\OS" Value="Windows Server 2003" />
                <wi:Dimension Key="WTT\SP" Value="Service Pack 1" />
                <wi:Dimension Key="WTT\OSSKU" Value="Enterprise" />
                <wi:Dimension Key="WTT\UILanguage" Value="Turkish" />
                <wi:Dimension Key="WTT\Domain" Value="xmlab.net" />
            </Dimensions>
        </Lms>
        <Lms Template="x86_Win2K3-SP1_StandardServer_Enu_EverettAndWhidbey_Domain-Win2K3">
            <Dimensions>
                <wi:Dimension Key="WTT\Processor" Value="X86" />
                <wi:Dimension Key="WTT\OS" Value="Windows Server 2003" />
                <wi:Dimension Key="WTT\SP" Value="Service Pack 1" />
                <wi:Dimension Key="WTT\OSSKU" Value="Server" />
                <wi:Dimension Key="WTT\UILanguage" Value="English" />
                <wi:Dimension Key="WTT\Domain" Value="xmlab.net" />
            </Dimensions>
        </Lms>
        <Lms Template="AMD64_Win2K3-SP1_StandardServer_Enu_EverettAndWhidbey_Domain-Win2K3">
            <Dimensions>
                <wi:Dimension Key="WTT\Processor" Value="AMD64" />
                <wi:Dimension Key="WTT\OS" Value="Windows Server 2003" />
                <wi:Dimension Key="WTT\SP" Value="Service Pack 1" />
                <wi:Dimension Key="WTT\OSSKU" Value="Server" />
                <wi:Dimension Key="WTT\UILanguage" Value="English" />
                <wi:Dimension Key="WTT\Domain" Value="xmlab.net" />
            </Dimensions>
        </Lms>
        <Lms Template="AMD64_LongHorn_Pro_Enu_Whidbey_Castle">
            <Dimensions>
                <wi:Dimension Key="WTT\Processor" Value="AMD64" />
                <wi:Dimension Key="WTT\OS" Value="Longhorn" />
                <wi:Dimension Key="WTT\OSSKU" Value="Professional" />
                <wi:Dimension Key="WTT\UILanguage" Value="English" />
 <!--               <wi:Dimension Key="WTT\Domain" Value="Castle" /> -->
            </Dimensions>
        </Lms>
        <Lms Template="x86_Win2K3-SP1_StandardServer_Enu_Whidbey_Domain-Win2K3">
            <Dimensions>
                <wi:Dimension Key="WTT\Processor" Value="X86" />
                <wi:Dimension Key="WTT\OS" Value="Windows Server 2003" />
                <wi:Dimension Key="WTT\SP" Value="Service Pack 1" />
                <wi:Dimension Key="WTT\OSSKU" Value="Server" />
                <wi:Dimension Key="WTT\UILanguage" Value="English" />
                <wi:Dimension Key="WTT\Domain" Value="xmlab.net" />
            </Dimensions>
        </Lms>
        <Lms Template="AMD64_LongHorn_Pro_Enu_Whidbey_Workgroup">
            <Dimensions>
                <wi:Dimension Key="WTT\Processor" Value="AMD64" />
                <wi:Dimension Key="WTT\OS" Value="Longhorn" />
                <wi:Dimension Key="WTT\OSSKU" Value="Professional" />
                <wi:Dimension Key="WTT\UILanguage" Value="English" />
 <!--              <wi:Dimension Key="WTT\Domain" Value="Workgroup" /> -->
            </Dimensions>
        </Lms>
        <Lms Template="AMD64_LongHorn_Pro_Enu_Whidbey_Domain-Win2K3">
            <Dimensions>
                <wi:Dimension Key="WTT\Processor" Value="AMD64" />
                <wi:Dimension Key="WTT\OS" Value="Longhorn" />
                <wi:Dimension Key="WTT\OSSKU" Value="Professional" />
                <wi:Dimension Key="WTT\UILanguage" Value="English" />
                <wi:Dimension Key="WTT\Domain" Value="xmlab.net" />
            </Dimensions>
        </Lms>
        <Lms Template="x86_Win2K3-SP1_EnterpriseServer_Enu_EverettAndWhidbey_Domain-Win2K3">
            <Dimensions>
                <wi:Dimension Key="WTT\Processor" Value="X86" />
                <wi:Dimension Key="WTT\OS" Value="Windows Server 2003" />
                <wi:Dimension Key="WTT\SP" Value="Service Pack 1" />
                <wi:Dimension Key="WTT\OSSKU" Value="Enterprise" />
                <wi:Dimension Key="WTT\UILanguage" Value="English" />
                <wi:Dimension Key="WTT\Domain" Value="xmlab.net" />
            </Dimensions>
        </Lms>
        <Lms Template="x86_LongHorn_Pro_Enu_Whidbey_Domain-Win2K3">
            <Dimensions>
                <wi:Dimension Key="WTT\Processor" Value="X86" />
                <wi:Dimension Key="WTT\OS" Value="Longhorn" />
                <wi:Dimension Key="WTT\OSSKU" Value="Professional" />
                <wi:Dimension Key="WTT\UILanguage" Value="English" />
                <wi:Dimension Key="WTT\Domain" Value="xmlab.net" />
            </Dimensions>
        </Lms>
        <Lms Template="x86_XP-SP2_Pro_Pseudo-Loc_Whidbey_Domain-Win2K3">
            <Dimensions>
                <wi:Dimension Key="WTT\Processor" Value="X86" />
                <wi:Dimension Key="WTT\OS" Value="Windows XP" />
                <wi:Dimension Key="WTT\SP" Value="Service Pack 2" />
                <wi:Dimension Key="WTT\OSSKU" Value="Professional" />
                <wi:Dimension Key="WTT\UILanguage" Value="PseudoLoc" />
                <wi:Dimension Key="WTT\Domain" Value="xmlab.net" />
            </Dimensions>
        </Lms>
        <Lms Template="x86_Win2K3-SP1_EnterpriseServer_MUI_EverettAndWhidbey_Domain-Win2K3">
            <Dimensions>
                <wi:Dimension Key="WTT\Processor" Value="X86" />
                <wi:Dimension Key="WTT\OS" Value="Windows Server 2003" />
                <wi:Dimension Key="WTT\SP" Value="Service Pack 1" />
                <wi:Dimension Key="WTT\OSSKU" Value="Enterprise" />
                <wi:Dimension Key="WTT\UILanguage" Value="MUI" />
                <wi:Dimension Key="WTT\Domain" Value="xmlab.net" />
            </Dimensions>
        </Lms>
        <Lms Template="x86_Win2K3-SP1_StandardServer_MUI_EverettAndWhidbey_Domain-Win2K3">
            <Dimensions>
                <wi:Dimension Key="WTT\Processor" Value="X86" />
                <wi:Dimension Key="WTT\OS" Value="Windows Server 2003" />
                <wi:Dimension Key="WTT\SP" Value="Service Pack 1" />
                <wi:Dimension Key="WTT\OSSKU" Value="Server" />
                <wi:Dimension Key="WTT\UILanguage" Value="MUI" />
                <wi:Dimension Key="WTT\Domain" Value="xmlab.net" />
            </Dimensions>
        </Lms>
        <Lms Template="x86_Win2K3-SP1_EnterpriseServer_JPN_EverettAndWhidbey_Domain-Win2K3">
            <Dimensions>
                <wi:Dimension Key="WTT\Processor" Value="X86" />
                <wi:Dimension Key="WTT\OS" Value="Windows Server 2003" />
                <wi:Dimension Key="WTT\SP" Value="Service Pack 1" />
                <wi:Dimension Key="WTT\OSSKU" Value="Enterprise" />
                <wi:Dimension Key="WTT\UILanguage" Value="Japanese" />
                <wi:Dimension Key="WTT\Domain" Value="xmlab.net" />
            </Dimensions>
        </Lms>
        <Lms Template="AMD64_XP-SP2_Pro_Enu_Whidbey_Domain-Win2K3">
            <Dimensions>
                <wi:Dimension Key="WTT\Processor" Value="AMD64" />
                <wi:Dimension Key="WTT\OS" Value="Windows XP 64-Bit Edition Version 2003" />
                <wi:Dimension Key="WTT\SP" Value="Service Pack 2" />
                <wi:Dimension Key="WTT\OSSKU" Value="Professional" />
                <wi:Dimension Key="WTT\UILanguage" Value="English" />
                <wi:Dimension Key="WTT\Domain" Value="xmlab.net" />
            </Dimensions>
        </Lms>
        <Lms Template="AMD64_Win2K3-SP1_EnterpriseServer_Enu_EverettAndWhidbey_Domain-Win2K3">
            <Dimensions>
                <wi:Dimension Key="WTT\Processor" Value="AMD64" />
                <wi:Dimension Key="WTT\OS" Value="Windows Server 2003" />
                <wi:Dimension Key="WTT\SP" Value="Service Pack 1" />
                <wi:Dimension Key="WTT\OSSKU" Value="Enterprise" />
                <wi:Dimension Key="WTT\UILanguage" Value="English" />
                <wi:Dimension Key="WTT\Domain" Value="xmlab.net" />
            </Dimensions>
        </Lms>
        <Lms Template="x86_XP-SP2_Home_Enu_Whidbey_Domain-Win2K3">
            <Dimensions>
                <wi:Dimension Key="WTT\Processor" Value="X86" />
                <wi:Dimension Key="WTT\OS" Value="Windows XP" />
                <wi:Dimension Key="WTT\SP" Value="Service Pack 2" />
                <wi:Dimension Key="WTT\OSSKU" Value="Home" />
                <wi:Dimension Key="WTT\UILanguage" Value="English" />
                <wi:Dimension Key="WTT\Domain" Value="xmlab.net" />
            </Dimensions>
        </Lms>
        <Lms Template="x86_Win2K3-SP1_WebServer_MUI_EverettAndWhidbey_Domain-Win2K3">
            <Dimensions>
                <wi:Dimension Key="WTT\Processor" Value="X86" />
                <wi:Dimension Key="WTT\OS" Value="Windows Server 2003" />
                <wi:Dimension Key="WTT\SP" Value="Service Pack 1" />
                <wi:Dimension Key="WTT\OSSKU" Value="WebServer" />
                <wi:Dimension Key="WTT\UILanguage" Value="MUI" />
                <wi:Dimension Key="WTT\Domain" Value="xmlab.net" />
            </Dimensions>
        </Lms>
        <Lms Template="x86_Win2K3-SP1_EnterpriseServer_Deu_EverettAndWhidbey_Domain-Win2K3">
            <Dimensions>
                <wi:Dimension Key="WTT\Processor" Value="X86" />
                <wi:Dimension Key="WTT\OS" Value="Windows Server 2003" />
                <wi:Dimension Key="WTT\SP" Value="Service Pack 1" />
                <wi:Dimension Key="WTT\OSSKU" Value="Enterprise" />
                <wi:Dimension Key="WTT\UILanguage" Value="German" />
                <wi:Dimension Key="WTT\Domain" Value="xmlab.net" />
            </Dimensions>
        </Lms>
        <Lms Template="x86_XP-SP2_Pro_JPN_Whidbey_Domain-Win2K3">
            <Dimensions>
                <wi:Dimension Key="WTT\Processor" Value="X86" />
                <wi:Dimension Key="WTT\OS" Value="Windows XP" />
                <wi:Dimension Key="WTT\SP" Value="Service Pack 2" />
                <wi:Dimension Key="WTT\OSSKU" Value="Professional" />
                <wi:Dimension Key="WTT\UILanguage" Value="Japanese" />
                <wi:Dimension Key="WTT\Domain" Value="xmlab.net" />
            </Dimensions>
        </Lms>
        <Lms Template="x86_Win2K3-SP1_EnterpriseServer_Pseudo-Loc_EverettAndWhidbey_Domain-Win2K3">
            <Dimensions>
                <wi:Dimension Key="WTT\Processor" Value="X86" />
                <wi:Dimension Key="WTT\OS" Value="Windows Server 2003" />
                <wi:Dimension Key="WTT\SP" Value="Service Pack 1" />
                <wi:Dimension Key="WTT\OSSKU" Value="Enterprise" />
                <wi:Dimension Key="WTT\UILanguage" Value="PseudoLoc" />
                <wi:Dimension Key="WTT\Domain" Value="xmlab.net" />
            </Dimensions>
        </Lms>
        <Lms Template="x86_Win2K3-SP1_WebServer_Pseudo-Loc_EverettAndWhidbey_Domain-Win2K3">
            <Dimensions>
                <wi:Dimension Key="WTT\Processor" Value="X86" />
                <wi:Dimension Key="WTT\OS" Value="Windows Server 2003" />
                <wi:Dimension Key="WTT\SP" Value="Service Pack 1" />
                <wi:Dimension Key="WTT\OSSKU" Value="WebServer" />
                <wi:Dimension Key="WTT\UILanguage" Value="PseudoLoc" />
                <wi:Dimension Key="WTT\Domain" Value="xmlab.net" />
            </Dimensions>
        </Lms>
        <Lms Template="IA64_Win2K3-SP1_DataCenterServer_Enu_EverettAndWhidbey_Domain-Win2K3">
            <Dimensions>
                <wi:Dimension Key="WTT\Processor" Value="IA64" />
                <wi:Dimension Key="WTT\OS" Value="Windows Server 2003" />
                <wi:Dimension Key="WTT\SP" Value="Service Pack 1" />
                <wi:Dimension Key="WTT\OSSKU" Value="Datacenter" />
                <wi:Dimension Key="WTT\UILanguage" Value="English" />
                <wi:Dimension Key="WTT\Domain" Value="xmlab.net" />
            </Dimensions>
        </Lms>
        <Lms Template="IA64_Win2K3-SP1_DataCenterServer_Enu_EverettANDWhidbey_Workgroup">
            <Dimensions>
                <wi:Dimension Key="WTT\Processor" Value="IA64" />
                <wi:Dimension Key="WTT\OS" Value="Windows Server 2003" />
                <wi:Dimension Key="WTT\SP" Value="Service Pack 1" />
                <wi:Dimension Key="WTT\OSSKU" Value="Datacenter" />
                <wi:Dimension Key="WTT\UILanguage" Value="English" />
 <!--              <wi:Dimension Key="WTT\Domain" Value="Workgroup" /> -->
            </Dimensions>
        </Lms>
        <Lms Template="x86_Win2K3-SP1_EnterpriseServer_Enu_Whidbey_Domain-Win2K3">
            <Dimensions>
                <wi:Dimension Key="WTT\Processor" Value="X86" />
                <wi:Dimension Key="WTT\OS" Value="Windows Server 2003" />
                <wi:Dimension Key="WTT\SP" Value="Service Pack 1" />
                <wi:Dimension Key="WTT\OSSKU" Value="Enterprise" />
                <wi:Dimension Key="WTT\UILanguage" Value="English" />
                <wi:Dimension Key="WTT\Domain" Value="xmlab.net" />
            </Dimensions>
        </Lms>
        <Lms Template="x86_Win2K3_EnterpriseServer_Enu_EverettAndWhidbey_Domain-Win2K3_Cluster1">
            <Dimensions>
                <wi:Dimension Key="WTT\Processor" Value="X86" />
                <wi:Dimension Key="WTT\OS" Value="Windows Server 2003" />
                <wi:Dimension Key="WTT\OSSKU" Value="Enterprise" />
                <wi:Dimension Key="WTT\UILanguage" Value="English" />
                <wi:Dimension Key="WTT\Domain" Value="xmlab.net" />
                <wi:Dimension Key="Indigo\NLBCluster" Value="Cluster1" />
            </Dimensions>
        </Lms>
        <Lms Template="x86_Win2K3_EnterpriseServer_Enu_EverettAndWhidbey_Domain-Win2K3">
            <Dimensions>
                <wi:Dimension Key="WTT\Processor" Value="X86" />
                <wi:Dimension Key="WTT\OS" Value="Windows Server 2003" />
                <wi:Dimension Key="WTT\OSSKU" Value="Enterprise" />
                <wi:Dimension Key="WTT\UILanguage" Value="English" />
                <wi:Dimension Key="WTT\Domain" Value="xmlab.net" />
            </Dimensions>
        </Lms>
    </Machines>
</TemplateStore>
