<publishData>
  <publishTarget publishUrl="\\xws-perf-cc\shared\tools\RPSwebNew\">
    <file relUrl="bin/RPSWebSite.dll" publishTime="02/13/2009 11:53:56" />
    <file relUrl="bin/FileDirHandling.dll" publishTime="08/18/2008 11:48:11" />
    <file relUrl="bin/FileDirHandling.pdb" publishTime="08/18/2008 11:48:11" />
    <file relUrl="Web.config" publishTime="09/26/2008 12:17:59" />
    <file relUrl="TestSchedulerConfig.aspx" publishTime="09/26/2008 10:05:45" />
    <file relUrl="TestRunManager.aspx" publishTime="02/13/2009 11:56:22" />
    <file relUrl="bin/ICSharpCode.SharpZipLib.dll" publishTime="08/18/2008 10:53:22" />
    <file relUrl="FindChangeSet.aspx" publishTime="09/17/2008 10:56:57" />
    <file relUrl="bin/Utility.XML" publishTime="09/02/2008 10:07:43" />
    <file relUrl="bin/RPSWebSite.XML" publishTime="09/02/2008 10:07:45" />
    <file relUrl="BuildConfig.aspx" publishTime="12/28/2008 11:24:50" />
    <file relUrl="bin/RPSWebSite.pdb" publishTime="02/13/2009 11:53:56" />
    <file relUrl="ManagementLinks.aspx" publishTime="09/26/2008 15:02:54" />
    <file relUrl="Default.aspx" publishTime="10/10/2008 16:25:15" />
    <file relUrl="bin/Utility.dll" publishTime="02/13/2009 11:24:41" />
    <file relUrl="RPSpostTestOperation.aspx" publishTime="08/01/2008 10:19:23" />
    <file relUrl="bin/Utility.pdb" publishTime="02/13/2009 11:24:41" />
  </publishTarget>
  <publishTarget publishUrl="http://localhost/RPSweb/">
    <file relUrl="bin/RPSWebSite.dll" publishTime="08/14/2008 14:40:00" />
    <file relUrl="bin/FileDirHandling.dll" publishTime="08/03/2008 14:32:23" />
    <file relUrl="bin/FileDirHandling.pdb" publishTime="08/03/2008 14:32:23" />
    <file relUrl="Web.config" publishTime="08/14/2008 16:14:47" />
    <file relUrl="bin/DBoperation.dll" publishTime="08/03/2008 14:32:23" />
    <file relUrl="TestSchedulerConfig.aspx" publishTime="08/14/2008 14:19:52" />
    <file relUrl="bin/TestScheduler.pdb" publishTime="08/14/2008 14:39:59" />
    <file relUrl="TestRunManager.aspx" publishTime="08/12/2008 09:33:51" />
    <file relUrl="BuildConfig.aspx" publishTime="08/14/2008 13:34:41" />
    <file relUrl="bin/RPSconfig.pdb" publishTime="08/14/2008 14:21:33" />
    <file relUrl="bin/DBoperation.pdb" publishTime="08/03/2008 14:32:23" />
    <file relUrl="bin/Utility.pdb" publishTime="08/03/2008 14:32:23" />
    <file relUrl="bin/RPSconfig.dll" publishTime="08/14/2008 14:21:33" />
    <file relUrl="bin/RPSWebSite.pdb" publishTime="08/14/2008 14:39:59" />
    <file relUrl="ManagementLinks.aspx" publishTime="08/10/2008 10:31:35" />
    <file relUrl="Default.aspx" publishTime="08/10/2008 09:44:38" />
    <file relUrl="bin/Utility.dll" publishTime="08/03/2008 14:32:23" />
    <file relUrl="bin/TestScheduler.exe" publishTime="08/14/2008 14:39:59" />
    <file relUrl="RPSpostTestOperation.aspx" publishTime="08/01/2008 10:19:23" />
  </publishTarget>
  <publishTarget publishUrl="\\xws-perf-cc\shared\tools\RPSweb\">
    <file relUrl="RPSpostTestOperation.aspx" publishTime="08/01/2008 10:19:23" />
    <file relUrl="bin/Utility.pdb" publishTime="07/30/2008 11:40:28" />
    <file relUrl="bin/TestScheduler.pdb" publishTime="07/30/2008 11:40:29" />
    <file relUrl="bin/RPSconfig.dll" publishTime="07/30/2008 11:40:29" />
    <file relUrl="Web.config" publishTime="07/15/2008 16:24:42" />
    <file relUrl="Default.aspx" publishTime="07/15/2008 17:01:15" />
    <file relUrl="bin/Utility.dll" publishTime="07/30/2008 11:40:28" />
    <file relUrl="bin/RPSconfig.pdb" publishTime="07/30/2008 11:40:29" />
    <file relUrl="bin/FileDirHandling.pdb" publishTime="07/30/2008 11:40:29" />
    <file relUrl="bin/DBoperation.pdb" publishTime="07/30/2008 11:40:28" />
    <file relUrl="bin/TestScheduler.exe" publishTime="07/30/2008 11:40:29" />
    <file relUrl="bin/RPSWebSite.pdb" publishTime="08/01/2008 11:21:33" />
    <file relUrl="bin/DBoperation.dll" publishTime="07/30/2008 11:40:28" />
    <file relUrl="bin/RPSWebSite.dll" publishTime="08/01/2008 11:21:33" />
    <file relUrl="bin/FileDirHandling.dll" publishTime="07/30/2008 11:40:29" />
  </publishTarget>
  <publishTarget publishUrl="http://xws-perf-cc/RPSweb/">
    <file relUrl="RPSpostTestOperation.aspx" publishTime="08/01/2008 10:19:23" />
    <file relUrl="bin/Utility.pdb" publishTime="07/30/2008 11:40:28" />
    <file relUrl="bin/TestScheduler.pdb" publishTime="07/30/2008 11:40:29" />
    <file relUrl="bin/RPSconfig.dll" publishTime="07/30/2008 11:40:29" />
    <file relUrl="Web.config" publishTime="07/15/2008 16:24:42" />
    <file relUrl="Default.aspx" publishTime="07/15/2008 17:01:15" />
    <file relUrl="bin/Utility.dll" publishTime="07/30/2008 11:40:28" />
    <file relUrl="bin/RPSconfig.pdb" publishTime="07/30/2008 11:40:29" />
    <file relUrl="bin/FileDirHandling.pdb" publishTime="07/30/2008 11:40:29" />
    <file relUrl="bin/DBoperation.pdb" publishTime="07/30/2008 11:40:28" />
    <file relUrl="bin/TestScheduler.exe" publishTime="07/30/2008 11:40:29" />
    <file relUrl="bin/RPSWebSite.pdb" publishTime="08/01/2008 11:21:33" />
    <file relUrl="bin/DBoperation.dll" publishTime="07/30/2008 11:40:28" />
    <file relUrl="bin/RPSWebSite.dll" publishTime="08/01/2008 11:21:33" />
    <file relUrl="bin/FileDirHandling.dll" publishTime="07/30/2008 11:40:29" />
  </publishTarget>
</publishData>